target_id,text,source,week,reviewer_id,draft_key,round_id,project_title,reviewer_group,persona_id,persona_name,opinion_type,decision_axis
synth.owner01,세 다이얼이 생성 조건을 직접 바꾸게 한다는 점에서 조작과 결과를 연결해 탐색하기 좋은 구성으로 보인다.,ai,1,synth.peer01,top5-20260909-D01-001,,Paragraphica,peer_student,,,review,
synth.owner01,처음에는 반경 다이얼만 활성화하고 나머지는 고정하는 체험을 제안한다. 어떤 환경 정보가 이미지에 들어오는지 먼저 이해할 수 있겠다.,ai,4,synth.peer01,top5-20260909-D01-002,,Paragraphica,peer_student,,,idea,
synth.owner01,노이즈 시드와 가이던스를 처음 접하는 관객에게 각 다이얼의 효과를 어떤 말로 설명할 계획인지 궁금하다.,ai,2,synth.peer01,top5-20260909-D01-003,,Paragraphica,peer_student,,,question,
synth.owner01,다이얼을 여러 개 바꾼 뒤 이미지를 생성하면 어느 조작이 변화를 만들었는지 판단하기 어려울 수 있다.,ai,1,synth.peer01,top5-20260909-D01-004,,Paragraphica,peer_student,,,concern,
synth.owner01,이전 설정과 현재 설정을 짧게 비교하는 화면을 두면 반복 생성이 무작위 체험으로 끝나는 것을 줄일 수 있겠다.,ai,2,synth.peer01,top5-20260909-D01-005,,Paragraphica,peer_student,,,idea,
synth.owner01,"환경 정보의 제공과 문장 조립, 이미지 생성을 구분한 설명 덕분에 각 구성 요소의 역할을 파악하기 쉽다.",ai,1,synth.peer02,top5-20260909-D01-006,,Paragraphica,peer_student,,,review,
synth.owner01,날씨나 주변 장소 데이터를 받지 못했을 때 장치가 어느 단계에서 멈추는지 보여줄 수 있을까?,ai,4,synth.peer02,top5-20260909-D01-007,,Paragraphica,peer_student,,,question,
synth.owner01,데이터 수집과 이미지 생성의 진행 상태를 따로 표시하면 대기 중인 관객이 지연의 원인을 이해하기 쉬울 것이다.,ai,2,synth.peer02,top5-20260909-D01-008,,Paragraphica,peer_student,,,idea,
synth.owner01,같은 위치에서도 외부 데이터가 갱신되면 결과가 달라질 수 있어 설정값만으로 생성 과정을 재현하기는 어려울 수 있다.,ai,3,synth.peer02,top5-20260909-D01-009,,Paragraphica,peer_student,,,concern,
synth.owner01,한 번의 생성에 사용한 환경값과 다이얼 설정을 함께 남기는 선택 기능을 제안한다. 결과를 비교할 때 근거가 될 것이다.,ai,2,synth.peer02,top5-20260909-D01-010,,Paragraphica,peer_student,,,idea,
synth.owner01,광학 기록 없이 카메라의 몸체와 셔터를 사용하는 구성은 사진을 찍는 행위에서 무엇을 기대하는지 돌아보게 한다.,ai,4,synth.peer03,top5-20260909-D01-011,,Paragraphica,peer_student,,,interpretation,
synth.owner01,주변 장소를 이미지의 재료로 삼는 방식은 눈앞의 장면 바깥에 있는 환경 정보에도 관심을 돌릴 수 있다는 점이 흥미롭다.,ai,4,synth.peer03,top5-20260909-D01-012,,Paragraphica,peer_student,,,review,
synth.owner01,생성 이미지의 시각적 완성도가 너무 강조되면 환경 데이터를 어떻게 선택했는지에 관한 질문이 뒤로 밀릴 수 있다.,ai,1,synth.peer03,top5-20260909-D01-013,,Paragraphica,peer_student,,,concern,
synth.owner01,생성 결과 옆에 사용된 환경 문장을 함께 보여주면 데이터의 기술과 이미지의 표현 사이 차이를 살펴볼 수 있겠다.,ai,4,synth.peer03,top5-20260909-D01-014,,Paragraphica,peer_student,,,idea,
synth.owner01,결과가 나온 직후 모든 설명을 제시하기보다 관객이 먼저 추측하고 설명을 열어보게 하면 해석의 여지를 남길 수 있다.,ai,4,synth.peer03,top5-20260909-D01-015,,Paragraphica,peer_student,,,tradeoff,
synth.owner01,동일한 장소에서 반경만 바꾸어 여러 결과를 비교하는 과제를 제안한다. 장소 범위가 표현에 미치는 영향을 논의하기 좋겠다.,ai,4,synth.peer04,top5-20260909-D01-016,,Paragraphica,peer_student,,,idea,
synth.owner01,관객이 실제로 다이얼의 의미를 이해했는지는 결과에 대한 만족도와 별도로 어떻게 확인할 수 있을까?,ai,1,synth.peer04,top5-20260909-D01-017,,Paragraphica,peer_student,,,question,
synth.owner01,새로운 이미지를 많이 만들었다는 사실만으로 환경에 대한 이해가 깊어졌다고 판단하기는 어렵다.,ai,4,synth.peer04,top5-20260909-D01-018,,Paragraphica,peer_student,,,concern,
synth.owner01,체험 전후에 사진과 생성 이미지의 차이를 설명하게 하면 장치가 매체 이해에 어떤 변화를 주었는지 살펴볼 수 있겠다.,ai,3,synth.peer04,top5-20260909-D01-019,,Paragraphica,peer_student,,,idea,
synth.owner01,시드를 고정한 비교는 변화를 읽기 쉽지만 우연한 발견을 줄일 수 있다. 비교 단계와 자유 탐색 단계를 구분하면 좋겠다.,ai,4,synth.peer04,top5-20260909-D01-020,,Paragraphica,peer_student,,,tradeoff,
synth.owner01,위치와 주변 장소 정보가 외부 서비스로 전달된다면 관객이 자신의 이동 정보가 어떻게 쓰이는지 알 수 있어야 한다.,ai,4,synth.peer05,top5-20260909-D01-021,,Paragraphica,peer_student,,,concern,
synth.owner01,정확한 현재 위치 대신 관객이 선택한 지역으로 생성하는 모드를 두면 위치 공개 없이도 개념을 탐색할 수 있겠다.,ai,1,synth.peer05,top5-20260909-D01-022,,Paragraphica,peer_student,,,idea,
synth.owner01,생성된 장소 이미지가 실제 지역의 모습으로 공유될 때 오해를 줄일 표시가 마련되어 있는지 궁금하다.,ai,2,synth.peer05,top5-20260909-D01-023,,Paragraphica,peer_student,,,question,
synth.owner01,지역을 데이터로 묘사하는 서비스가 어떤 장소를 포함하고 누락하는지에 따라 장치가 상상할 수 있는 환경도 달라질 수 있다.,ai,2,synth.peer05,top5-20260909-D01-024,,Paragraphica,peer_student,,,interpretation,
synth.owner01,주변 장소 목록을 관객이 확인하고 일부를 제외할 수 있게 하면 이미지에 반영될 맥락을 직접 조정하는 경험이 되겠다.,ai,4,synth.peer05,top5-20260909-D01-025,,Paragraphica,peer_student,,,idea,
synth.owner01,렌즈가 없는 장치라면 셔터를 누를 때 앞을 향하게 하는 방향에도 의미가 있는지 먼저 알고 싶다.,ai,3,synth.observer01,top5-20260909-D01-026,,Paragraphica,observer,,,question,
synth.owner01,카메라처럼 생겼기 때문에 화면의 결과를 실제 풍경의 사진으로 받아들일 가능성이 있어 보인다.,ai,2,synth.observer01,top5-20260909-D01-027,,Paragraphica,observer,,,concern,
synth.owner01,첫 화면에 실제 장면을 촬영하지 않는다는 짧은 안내를 넣으면 장치의 사용 목적을 이해하는 데 도움이 되겠다.,ai,1,synth.observer01,top5-20260909-D01-028,,Paragraphica,observer,,,idea,
synth.owner01,손으로 다이얼을 돌리고 셔터를 누르는 익숙한 동작은 생성 모델을 처음 접하는 사람에게 참여의 시작점을 제공한다.,ai,2,synth.observer01,top5-20260909-D01-029,,Paragraphica,observer,,,review,
synth.owner01,처음부터 기술 용어를 모두 설명하면 접근이 부담스러울 수 있다. 기본 사용법 뒤에 자세한 설명을 선택하게 하면 좋겠다.,ai,4,synth.observer01,top5-20260909-D01-030,,Paragraphica,observer,,,tradeoff,
synth.owner01,"관객이 연속해서 셔터를 누를 때 생성 요청은 순서대로 처리되는지, 마지막 요청만 남는지 궁금하다.",ai,2,synth.observer02,top5-20260909-D01-031,,Paragraphica,observer,,,question,
synth.owner01,기다리는 사람도 마지막 생성 결과와 사용된 설정을 볼 수 있다면 다음 체험을 준비하는 데 도움이 될 것이다.,ai,3,synth.observer02,top5-20260909-D01-032,,Paragraphica,observer,,,idea,
synth.owner01,네트워크가 불안정한 전시장에서는 이미지가 나오지 않는 상황이 장치 고장으로 받아들여질 수 있다.,ai,4,synth.observer02,top5-20260909-D01-033,,Paragraphica,observer,,,concern,
synth.owner01,통신이 끊겼을 때는 미리 저장한 결과임을 표시하는 시연 모드를 마련하면 설명을 이어갈 수 있겠다.,ai,2,synth.observer02,top5-20260909-D01-034,,Paragraphica,observer,,,idea,
synth.owner01,과거 결과를 계속 전시하면 대기 중에도 볼거리가 생기지만 다음 관객의 기대를 제한할 수 있어 교체 주기를 고민할 만하다.,ai,3,synth.observer02,top5-20260909-D01-035,,Paragraphica,observer,,,tradeoff,
synth.owner01,다이얼의 현재 값을 눈으로 읽기 어려운 관객도 설정 변화를 확인할 수 있는 방법이 있을까?,ai,2,synth.observer03,top5-20260909-D01-036,,Paragraphica,observer,,,question,
synth.owner01,다이얼마다 촉감이 다른 손잡이를 사용하면 화면을 계속 보지 않고도 조작부를 구분할 수 있겠다.,ai,3,synth.observer03,top5-20260909-D01-037,,Paragraphica,observer,,,idea,
synth.owner01,장치를 들고 여러 다이얼을 돌리는 동작이 동시에 필요하면 한 손만 사용하는 관객에게 불편할 수 있다.,ai,1,synth.observer03,top5-20260909-D01-038,,Paragraphica,observer,,,concern,
synth.owner01,받침대에 놓은 상태에서도 셔터와 다이얼에 접근할 수 있게 하면 손으로 들기 어려운 사람도 참여하기 좋겠다.,ai,4,synth.observer03,top5-20260909-D01-039,,Paragraphica,observer,,,idea,
synth.owner01,화면의 이미지를 중심으로 결과가 제시되므로 추가 설명을 문자로 제공하면 소리를 듣기 어려운 관객도 과정을 따라갈 수 있겠다.,ai,4,synth.observer03,top5-20260909-D01-040,,Paragraphica,observer,,,review,
synth.owner01,같은 장소에서 서로 다른 이미지가 나오는 방식은 한 장소를 하나의 대표 이미지로 고정하지 않는다는 점에서 의미가 있다.,ai,2,synth.observer04,top5-20260909-D01-041,,Paragraphica,observer,,,interpretation,
synth.owner01,관광 명소가 적게 등록된 동네에서도 그 지역의 특성이 결과에 드러날 수 있을지 궁금하다.,ai,2,synth.observer04,top5-20260909-D01-042,,Paragraphica,observer,,,question,
synth.owner01,생성 모델이 익숙한 도시 이미지를 반복하면 지역의 차이를 발견하기보다 기존 인상을 강화할 수도 있다.,ai,3,synth.observer04,top5-20260909-D01-043,,Paragraphica,observer,,,concern,
synth.owner01,주민이 떠올리는 장소의 특징과 장치가 수집한 환경 문장을 나란히 비교하는 대화를 제안한다.,ai,2,synth.observer04,top5-20260909-D01-044,,Paragraphica,observer,,,idea,
synth.owner01,기대와 다른 결과도 토론의 계기가 되지만 이를 지역을 잘못 묘사한 결과로 느끼는 사람의 반응도 함께 다룰 필요가 있다.,ai,2,synth.observer04,top5-20260909-D01-045,,Paragraphica,observer,,,tradeoff,
synth.owner01,같은 지점에서 아침과 저녁의 환경값으로 생성한 결과를 모아보면 시간 정보가 표현에 어떻게 연결되는지 살펴볼 수 있겠다.,ai,4,synth.observer05,top5-20260909-D01-046,,Paragraphica,observer,,,idea,
synth.owner01,"결과를 저장하거나 가져갈 수 있는지, 가져간다면 설정 정보도 함께 확인할 수 있는지 궁금하다.",ai,2,synth.observer05,top5-20260909-D01-047,,Paragraphica,observer,,,question,
synth.owner01,장소를 옮기며 사용할 수 있는 카메라 형식은 생성 작업을 책상 앞의 활동에서 환경을 탐색하는 활동으로 확장한다.,ai,3,synth.observer05,top5-20260909-D01-048,,Paragraphica,observer,,,review,
synth.owner01,이미지만 공유하고 생성 조건이 빠지면 이 장치의 환경 데이터 탐색이라는 특징이 전달되기 어려울 수 있다.,ai,4,synth.observer05,top5-20260909-D01-049,,Paragraphica,observer,,,concern,
synth.owner01,결과를 내보낼 때 생성 이미지라는 표시와 간단한 환경 설명을 함께 포함하는 형식을 제안한다.,ai,3,synth.observer05,top5-20260909-D01-050,,Paragraphica,observer,,,idea,
synth.owner02,"사진을 놓고 관점과 시간, 감정을 조절한 뒤 향을 받는 순서가 입력과 출력을 하나의 체험으로 연결한다.",ai,1,synth.peer01,top5-20260909-D02-001,,The Anemoia Device,peer_student,,,review,
synth.owner02,관점 다이얼을 바꾼다는 것이 누구의 관점을 선택하는 것인지 관객에게 어떻게 설명하는지 궁금하다.,ai,1,synth.peer01,top5-20260909-D02-002,,The Anemoia Device,peer_student,,,question,
synth.owner02,향을 혼합하기 전에 생성된 서사를 확인하고 다시 조정할 수 있는 단계를 두면 사용자의 해석을 반영하기 좋겠다.,ai,4,synth.peer01,top5-20260909-D02-003,,The Anemoia Device,peer_student,,,idea,
synth.owner02,세 다이얼을 동시에 바꾸면 서사의 변화가 어느 선택에서 비롯되었는지 이해하기 어려울 수 있다.,ai,4,synth.peer01,top5-20260909-D02-004,,The Anemoia Device,peer_student,,,concern,
synth.owner02,매 단계 확인을 요구하면 해석의 주도권은 커지지만 향을 받아 맡는 흐름이 끊길 수 있어 확인 단계를 선택형으로 두면 좋겠다.,ai,3,synth.peer01,top5-20260909-D02-005,,The Anemoia Device,peer_student,,,tradeoff,
synth.owner02,향 비율의 생성과 펌프 시간 계산을 구분한 점은 언어 모델의 출력이 실제 액체 제어로 이어지는 과정을 설명하기 좋다.,ai,4,synth.peer02,top5-20260909-D02-006,,The Anemoia Device,peer_student,,,review,
synth.owner02,생성된 향 비율이 현재 장착된 네 종류의 향료와 맞지 않을 때 어떤 처리를 하는지 궁금하다.,ai,2,synth.peer02,top5-20260909-D02-007,,The Anemoia Device,peer_student,,,question,
synth.owner02,펌프를 작동시키기 전에 사용 가능한 향과 배합값의 범위를 검사하는 단계를 명시하면 제어 과정을 더 분명하게 보여줄 수 있겠다.,ai,4,synth.peer02,top5-20260909-D02-008,,The Anemoia Device,peer_student,,,idea,
synth.owner02,의미상으로 정해진 배합 비율과 실제 토출량이 다르면 서사와 향의 관계를 비교하기 어려울 수 있다.,ai,1,synth.peer02,top5-20260909-D02-009,,The Anemoia Device,peer_student,,,concern,
synth.owner02,펌프별 토출량을 확인하는 교정 기록을 남기면 같은 배합을 다시 시연할 때 편차를 파악하기 좋겠다.,ai,3,synth.peer02,top5-20260909-D02-010,,The Anemoia Device,peer_student,,,idea,
synth.owner02,사진에서 바로 향으로 넘어가지 않고 서사를 거치는 구조는 시각적 기억에 새로운 해석을 덧붙이는 작업으로 읽힌다.,ai,1,synth.peer03,top5-20260909-D02-011,,The Anemoia Device,peer_student,,,interpretation,
synth.owner02,혼합 용기를 분리해 향을 맡는 동작은 화면 속 서사와 물질적인 결과 사이에 명확한 전환을 만든다.,ai,3,synth.peer03,top5-20260909-D02-012,,The Anemoia Device,peer_student,,,review,
synth.owner02,향을 맡기 전에 서사를 읽는 경우와 나중에 읽는 경우 해석이 얼마나 달라질지 궁금하다.,ai,2,synth.peer03,top5-20260909-D02-013,,The Anemoia Device,peer_student,,,question,
synth.owner02,서사를 먼저 읽을지 향을 먼저 맡을지 선택하게 하면 언어가 후각 경험을 이끄는 방식을 비교할 수 있겠다.,ai,1,synth.peer03,top5-20260909-D02-014,,The Anemoia Device,peer_student,,,idea,
synth.owner02,감정 다이얼의 특정 값에 하나의 향 인상을 반복해서 연결하면 감정과 냄새의 관계가 고정된 것처럼 전달될 수 있다.,ai,1,synth.peer03,top5-20260909-D02-015,,The Anemoia Device,peer_student,,,concern,
synth.owner02,자료에 정식 사용자 연구가 없다고 명시되어 있으므로 이 장치가 실제 기억을 되살린다고 결론내리기는 어렵다.,ai,2,synth.peer04,top5-20260909-D02-016,,The Anemoia Device,peer_student,,,concern,
synth.owner02,한 사진으로 생성한 서로 다른 서사와 향을 비교하고 선택 이유를 물으면 개인별 해석의 차이를 살펴볼 수 있겠다.,ai,1,synth.peer04,top5-20260909-D02-017,,The Anemoia Device,peer_student,,,idea,
synth.owner02,서사가 마음에 들었다는 평가와 향이 적절했다는 평가를 구분해서 수집할 계획이 있는지 궁금하다.,ai,1,synth.peer04,top5-20260909-D02-018,,The Anemoia Device,peer_student,,,question,
synth.owner02,사진 제공자가 설명한 기억과 모델의 서사를 나란히 읽는 과제를 통해 일치하는 부분과 새로 덧붙은 부분을 확인하면 좋겠다.,ai,3,synth.peer04,top5-20260909-D02-019,,The Anemoia Device,peer_student,,,idea,
synth.owner02,같은 배합을 여러 번 제시하면 비교가 쉬워지지만 냄새에 익숙해지는 영향도 생길 수 있어 시연 순서와 간격을 함께 고려해야겠다.,ai,2,synth.peer04,top5-20260909-D02-020,,The Anemoia Device,peer_student,,,tradeoff,
synth.owner02,개인 사진을 외부 모델에 전달할 때 사진과 생성된 서사가 어떤 범위로 저장되는지 안내되어 있는가?,ai,3,synth.peer05,top5-20260909-D02-021,,The Anemoia Device,peer_student,,,question,
synth.owner02,개인 사진을 쓰기 어려운 관객에게는 공개 사용이 가능한 샘플 사진을 제공해 같은 조작을 체험하게 하면 좋겠다.,ai,1,synth.peer05,top5-20260909-D02-022,,The Anemoia Device,peer_student,,,idea,
synth.owner02,모델이 사진 속 인물의 관계나 감정을 추측하면 사진 제공자의 실제 기억과 충돌하는 이야기가 생길 수 있다.,ai,1,synth.peer05,top5-20260909-D02-023,,The Anemoia Device,peer_student,,,concern,
synth.owner02,생성된 이야기에서 동의하지 않는 부분을 직접 고치게 하면 향으로 표현할 서사를 사용자가 선택할 수 있겠다.,ai,1,synth.peer05,top5-20260909-D02-024,,The Anemoia Device,peer_student,,,idea,
synth.owner02,이 장치에서 사진 소유자는 자료를 제공하는 사람인 동시에 생성된 기억의 해석을 판단하는 사람으로 자리할 필요가 있다.,ai,4,synth.peer05,top5-20260909-D02-025,,The Anemoia Device,peer_student,,,interpretation,
synth.owner02,"오래된 사진을 넣으면 당시의 실제 냄새가 나오는 것인지, 사진에서 새롭게 상상한 향이 나오는 것인지 먼저 알고 싶다.",ai,1,synth.observer01,top5-20260909-D02-026,,The Anemoia Device,observer,,,question,
synth.owner02,기억의 냄새를 복원하는 장치가 아니라 서사를 향으로 표현하는 장치라는 설명을 사진 입력대 옆에 두면 좋겠다.,ai,4,synth.observer01,top5-20260909-D02-027,,The Anemoia Device,observer,,,idea,
synth.owner02,다이얼을 고른 뒤 실제 액체가 담기는 과정은 AI의 결과가 어디서 물리적인 출력으로 바뀌는지 보여준다.,ai,3,synth.observer01,top5-20260909-D02-028,,The Anemoia Device,observer,,,review,
synth.owner02,사진의 내용과 예상하지 못한 향이 연결되면 실패한 결과인지 의도된 해석인지 판단하기 어려울 수 있다.,ai,2,synth.observer01,top5-20260909-D02-029,,The Anemoia Device,observer,,,concern,
synth.owner02,향을 만든 이유를 짧게 읽을 수 있으면 예상과 다른 냄새도 이야기와 연결해 생각해볼 수 있겠다.,ai,4,synth.observer01,top5-20260909-D02-030,,The Anemoia Device,observer,,,idea,
synth.owner02,다음 관객이 체험하기 전에 용기와 튜브에 남은 향을 어떻게 관리하는지 궁금하다.,ai,4,synth.observer02,top5-20260909-D02-031,,The Anemoia Device,observer,,,question,
synth.owner02,이전 배합의 잔향이 남으면 다음 관객이 받은 향이 자신의 사진에만 대응한다고 보기 어려울 수 있다.,ai,3,synth.observer02,top5-20260909-D02-032,,The Anemoia Device,observer,,,concern,
synth.owner02,세척이나 용기 교체가 필요한 시점을 운영자가 확인할 수 있게 하면 연속 시연을 준비하기 좋겠다.,ai,3,synth.observer02,top5-20260909-D02-033,,The Anemoia Device,observer,,,idea,
synth.owner02,혼합 용기를 가져갈 수 있는지와 향이 유지되는 조건을 안내하면 전시 이후의 사용에 대한 혼동을 줄일 수 있겠다.,ai,3,synth.observer02,top5-20260909-D02-034,,The Anemoia Device,observer,,,idea,
synth.owner02,혼합 과정을 투명하게 보여주면 장치 이해에 도움이 되지만 관객이 액체 처리부에 직접 손대지 않도록 관람 동선을 구분할 필요가 있다.,ai,1,synth.observer02,top5-20260909-D02-035,,The Anemoia Device,observer,,,tradeoff,
synth.owner02,향을 맡는 활동이 부담스러운 관객에게도 같은 공간에 있다는 이유로 참여가 강제되지 않았으면 한다.,ai,2,synth.observer03,top5-20260909-D02-036,,The Anemoia Device,observer,,,concern,
synth.owner02,향 방출을 시작하기 전에 참여 의사를 확인하고 서사만 읽는 경로도 제공하면 체험 방식을 선택하기 좋겠다.,ai,2,synth.observer03,top5-20260909-D02-037,,The Anemoia Device,observer,,,idea,
synth.owner02,목록에 있는 향과 현재 네 펌프에 장착된 향을 참여 전에 구분해서 확인할 수 있을까?,ai,2,synth.observer03,top5-20260909-D02-038,,The Anemoia Device,observer,,,question,
synth.owner02,향료의 정보와 사용 중단 방법을 가까운 곳에서 읽을 수 있게 하면 관객이 스스로 참여 여부를 판단하기 쉽겠다.,ai,3,synth.observer03,top5-20260909-D02-039,,The Anemoia Device,observer,,,idea,
synth.owner02,향이 공간 전체로 퍼지면 공동 경험이 되지만 개별 사진의 결과가 섞일 수 있어 맡는 범위를 제한하는 구성도 검토할 만하다.,ai,3,synth.observer03,top5-20260909-D02-040,,The Anemoia Device,observer,,,tradeoff,
synth.owner02,같은 가족사진에서도 사람마다 다른 장면을 기억하므로 하나의 향을 정답처럼 정하지 않는 점이 중요해 보인다.,ai,2,synth.observer04,top5-20260909-D02-041,,The Anemoia Device,observer,,,interpretation,
synth.owner02,동일한 사진을 두 사람이 각자 다른 관점으로 조절한 뒤 결과를 비교하면 기억의 차이를 이야기하는 계기가 되겠다.,ai,1,synth.observer04,top5-20260909-D02-042,,The Anemoia Device,observer,,,idea,
synth.owner02,낯선 문화의 물건이나 풍경이 담긴 사진을 모델이 어떻게 설명하는지 확인할 수 있을까?,ai,3,synth.observer04,top5-20260909-D02-043,,The Anemoia Device,observer,,,question,
synth.owner02,향에 대한 개인적 연상은 다양하므로 특정 배합을 보편적인 그리움의 냄새로 소개하면 의미가 좁아질 수 있다.,ai,4,synth.observer04,top5-20260909-D02-044,,The Anemoia Device,observer,,,concern,
synth.owner02,사진을 원래의 기록으로 보관하면서 별도의 서사와 향을 만드는 방식은 기록과 재해석의 관계를 토론하기 좋다.,ai,3,synth.observer04,top5-20260909-D02-045,,The Anemoia Device,observer,,,review,
synth.owner02,생성된 이야기와 배합 결과를 나중에 다시 확인하거나 같은 조건으로 요청할 수 있는지 궁금하다.,ai,4,synth.observer05,top5-20260909-D02-046,,The Anemoia Device,observer,,,question,
synth.owner02,사진을 저장하지 않고도 선택한 다이얼 값과 배합 정보를 가져갈 수 있는 결과표를 제안한다.,ai,1,synth.observer05,top5-20260909-D02-047,,The Anemoia Device,observer,,,idea,
synth.owner02,실제 장착된 향이 네 종류인데 큰 향 라이브러리의 수만 강조하면 출력 가능한 범위를 오해할 수 있다.,ai,4,synth.observer05,top5-20260909-D02-048,,The Anemoia Device,observer,,,concern,
synth.owner02,현재 사용 가능한 향을 먼저 보여준 뒤 그 조합 안에서 이야기가 표현된다고 설명하면 기대를 맞추기 좋겠다.,ai,3,synth.observer05,top5-20260909-D02-049,,The Anemoia Device,observer,,,idea,
synth.owner02,향 선택의 폭을 넓히는 것도 흥미롭지만 현재 네 향만으로 어떤 차이를 구분할 수 있는지 충분히 보여주는 편이 이해에는 도움이 되겠다.,ai,4,synth.observer05,top5-20260909-D02-050,,The Anemoia Device,observer,,,tradeoff,
synth.owner03,걸으며 보는 식물을 목걸이의 향으로 연결하는 방식은 손으로 화면을 조작하지 않고 주변 환경을 탐색하게 한다.,ai,3,synth.peer01,top5-20260909-D03-001,,OlfacEnhancer,peer_student,,,review,
synth.owner03,여러 식물이 함께 보일 때 어느 식물의 향을 선택하는지 관객이 알 수 있을까?,ai,3,synth.peer01,top5-20260909-D03-002,,OlfacEnhancer,peer_student,,,question,
synth.owner03,분류가 잠깐 바뀔 때마다 향을 전환하기보다 일정 시간 유지된 결과를 사용하면 출력의 관계를 이해하기 쉬울 것 같다.,ai,2,synth.peer01,top5-20260909-D03-003,,OlfacEnhancer,peer_student,,,idea,
synth.owner03,향이 나온 시점에 이미 다른 식물을 보고 있다면 어떤 대상에 대응한 냄새인지 혼동할 수 있다.,ai,2,synth.peer01,top5-20260909-D03-004,,OlfacEnhancer,peer_student,,,concern,
synth.owner03,향을 출력한 식물을 체험 후 확인하는 기록을 제공하면 걷는 동안의 시각적 주의를 크게 늘리지 않고도 과정을 돌아볼 수 있겠다.,ai,2,synth.peer01,top5-20260909-D03-005,,OlfacEnhancer,peer_student,,,idea,
synth.owner03,하나의 통기구를 회전시켜 향 구획을 선택하는 구조가 분류 결과를 물리적인 출력으로 연결하는 핵심이라는 점이 명료하다.,ai,4,synth.peer02,top5-20260909-D03-006,,OlfacEnhancer,peer_student,,,review,
synth.owner03,빈 장면으로 분류했을 때 통기판은 어떤 위치로 이동하며 향 방출을 어떻게 다루는지 궁금하다.,ai,4,synth.peer02,top5-20260909-D03-007,,OlfacEnhancer,peer_student,,,question,
synth.owner03,장면 분류가 정확하더라도 구획 사이 향이 섞이면 관객이 분류 결과를 향으로 구분하기 어려울 수 있다.,ai,2,synth.peer02,top5-20260909-D03-008,,OlfacEnhancer,peer_student,,,concern,
synth.owner03,향을 담지 않은 상태에서 회전판의 위치와 분류 결과를 먼저 비교하면 기구 제어와 향 전달 문제를 나누어 점검하기 좋겠다.,ai,2,synth.peer02,top5-20260909-D03-009,,OlfacEnhancer,peer_student,,,idea,
synth.owner03,솜과 막을 교체하는 방법을 모듈별로 설명하면 향의 소모와 출력 구조의 유지보수를 이해하기 쉬울 것이다.,ai,2,synth.peer02,top5-20260909-D03-010,,OlfacEnhancer,peer_student,,,idea,
synth.owner03,카메라가 분류한 식물에 준비된 향을 대응시키는 방식은 식물의 실제 냄새를 측정하는 것과 다른 감각적 해석으로 읽힌다.,ai,3,synth.peer03,top5-20260909-D03-011,,OlfacEnhancer,peer_student,,,interpretation,
synth.owner03,식물과 대응 향의 관계를 어떤 기준으로 정했는지 설명이 있으면 작품의 감각적 의도를 이해하기 좋겠다.,ai,1,synth.peer03,top5-20260909-D03-012,,OlfacEnhancer,peer_student,,,question,
synth.owner03,향을 위해 화면을 바라보게 하지 않는 목걸이 형식은 주변을 걷는 행위를 체험의 중심에 둘 수 있다.,ai,2,synth.peer03,top5-20260909-D03-013,,OlfacEnhancer,peer_student,,,review,
synth.owner03,식물 분류의 정답을 맞히는 과제가 앞서면 향을 통해 환경에 관심을 기울이는 경험이 시험처럼 느껴질 수 있다.,ai,3,synth.peer03,top5-20260909-D03-014,,OlfacEnhancer,peer_student,,,concern,
synth.owner03,식물 이름을 숨기면 자유로운 연상이 가능하지만 대응 관계를 배우기는 어렵다. 이름 확인을 선택할 수 있으면 좋겠다.,ai,1,synth.peer03,top5-20260909-D03-015,,OlfacEnhancer,peer_student,,,tradeoff,
synth.owner03,네 명의 탐색 실험만으로 다양한 보행 환경에서 경험이 향상된다고 일반화하기는 어려워 보인다.,ai,2,synth.peer04,top5-20260909-D03-016,,OlfacEnhancer,peer_student,,,concern,
synth.owner03,"분류 결과와 향 방출 시점, 관객이 주목한 식물을 함께 기록하면 의도한 대응 관계가 경험에서 유지되는지 살펴볼 수 있겠다.",ai,1,synth.peer04,top5-20260909-D03-017,,OlfacEnhancer,peer_student,,,idea,
synth.owner03,걷기 경험에 대한 평가에서 식물에 대한 관심과 향 자체에 대한 선호를 구분했는지 궁금하다.,ai,3,synth.peer04,top5-20260909-D03-018,,OlfacEnhancer,peer_student,,,question,
synth.owner03,같은 경로를 향 출력 유무에 따라 비교하되 경로를 이미 아는 영향도 함께 기록하면 해석에 도움이 될 것이다.,ai,4,synth.peer04,top5-20260909-D03-019,,OlfacEnhancer,peer_student,,,idea,
synth.owner03,분류 정확도를 높이는 과제와 향이 보행 경험에 주는 의미를 묻는 과제는 서로 관련되지만 별도의 결과로 제시하는 편이 명료하다.,ai,1,synth.peer04,top5-20260909-D03-020,,OlfacEnhancer,peer_student,,,tradeoff,
synth.owner03,보행 중 카메라에 식물 외의 사람이나 주변 사물이 잡혔을 때 영상이 저장되는지 알고 싶다.,ai,1,synth.peer05,top5-20260909-D03-021,,OlfacEnhancer,peer_student,,,question,
synth.owner03,영상의 저장 여부와 처리 위치를 간단히 표시하면 착용자와 주변 사람이 장치의 작동 범위를 이해하기 좋겠다.,ai,4,synth.peer05,top5-20260909-D03-022,,OlfacEnhancer,peer_student,,,idea,
synth.owner03,지원하지 않는 식물을 기존 일곱 종류 중 하나로 판단할 수 있다면 출력된 향을 식물 식별의 근거로 믿게 해서는 안 되겠다.,ai,2,synth.peer05,top5-20260909-D03-023,,OlfacEnhancer,peer_student,,,concern,
synth.owner03,지원 범위 밖의 식물을 포함한 시연을 마련하면 장치가 다룰 수 있는 환경의 한계를 설명하기 좋겠다.,ai,2,synth.peer05,top5-20260909-D03-024,,OlfacEnhancer,peer_student,,,idea,
synth.owner03,식물을 어떤 범주로 분류할지 정하는 과정도 환경 경험을 설계하는 선택이므로 일곱 종의 선정 이유를 함께 다룰 만하다.,ai,2,synth.peer05,top5-20260909-D03-025,,OlfacEnhancer,peer_student,,,interpretation,
synth.owner03,목걸이가 식물의 냄새를 채집하는 것인지 미리 준비된 향을 내보내는 것인지 처음에는 구분하기 어려울 것 같다.,ai,2,synth.observer01,top5-20260909-D03-026,,OlfacEnhancer,observer,,,question,
synth.owner03,향 구획을 볼 수 있는 설명 모형을 옆에 두면 카메라의 분류와 준비된 향의 선택을 쉽게 이해할 수 있겠다.,ai,4,synth.observer01,top5-20260909-D03-027,,OlfacEnhancer,observer,,,idea,
synth.owner03,식물을 바라보는 행동만으로 다른 감각의 결과를 접한다는 점은 짧은 설명으로도 체험 목표를 전달하기 좋다.,ai,3,synth.observer01,top5-20260909-D03-028,,OlfacEnhancer,observer,,,review,
synth.owner03,바람이 불어 향이 잘 느껴지지 않을 때 사용자는 식물을 인식하지 못한 것으로 오해할 수 있다.,ai,1,synth.observer01,top5-20260909-D03-029,,OlfacEnhancer,observer,,,concern,
synth.owner03,카메라 인식 여부와 향이 선택되었는지를 체험 보조 화면에서 확인할 수 있으면 작동에 대한 혼동을 줄일 수 있겠다.,ai,1,synth.observer01,top5-20260909-D03-030,,OlfacEnhancer,observer,,,idea,
synth.owner03,여러 사람이 번갈아 목걸이를 사용할 때 착용부와 향 저장부를 각각 어떻게 관리하는지 궁금하다.,ai,3,synth.observer02,top5-20260909-D03-031,,OlfacEnhancer,observer,,,question,
synth.owner03,향료 보충 시점과 부품 교체 순서를 운영용 안내에 담으면 전시 중 출력 상태를 일정하게 유지하기 좋겠다.,ai,3,synth.observer02,top5-20260909-D03-032,,OlfacEnhancer,observer,,,idea,
synth.owner03,외부 보행 시 카메라 방향이 착용 자세에 따라 달라지면 같은 경로에서도 분류할 장면이 달라질 수 있다.,ai,3,synth.observer02,top5-20260909-D03-033,,OlfacEnhancer,observer,,,concern,
synth.owner03,걷기 전에 카메라가 보는 범위를 확인하는 짧은 준비 단계를 두면 착용 위치를 조정하기 쉽겠다.,ai,1,synth.observer02,top5-20260909-D03-034,,OlfacEnhancer,observer,,,idea,
synth.owner03,자유로운 보행은 사용 상황에 가깝지만 전시 운영에는 변수가 많다. 짧은 지정 경로 뒤에 자유 구간을 제공하는 구성을 제안한다.,ai,4,synth.observer02,top5-20260909-D03-035,,OlfacEnhancer,observer,,,tradeoff,
synth.owner03,목에 거는 방식이 불편한 관객은 장치의 감각 변환을 체험하기 전에 착용 자체에서 어려움을 겪을 수 있다.,ai,1,synth.observer03,top5-20260909-D03-036,,OlfacEnhancer,observer,,,concern,
synth.owner03,몸에 착용하지 않고 손에 들거나 지지대에 고정하는 대안을 두면 여러 자세에서 작동을 비교할 수 있겠다.,ai,2,synth.observer03,top5-20260909-D03-037,,OlfacEnhancer,observer,,,idea,
synth.owner03,향을 잠시 멈추고 싶은 경우 카메라를 가리는 것 외에 직접 중단하는 방법이 있을까?,ai,3,synth.observer03,top5-20260909-D03-038,,OlfacEnhancer,observer,,,question,
synth.owner03,쉽게 찾을 수 있는 향 출력 중단 조작부를 마련하면 걷는 도중에도 체험 강도를 스스로 조절하기 좋겠다.,ai,4,synth.observer03,top5-20260909-D03-039,,OlfacEnhancer,observer,,,idea,
synth.owner03,향으로 정보를 더하는 방식은 시각 중심의 탐색을 넓힐 수 있지만 냄새를 구분하기 어려운 사람에게 같은 정보가 전달된다고 가정할 수는 없다.,ai,4,synth.observer03,top5-20260909-D03-040,,OlfacEnhancer,observer,,,tradeoff,
synth.owner03,식물의 이름보다 냄새의 차이를 먼저 접하면 익숙한 산책길에서도 다른 기준으로 주변을 살펴볼 수 있겠다.,ai,4,synth.observer04,top5-20260909-D03-041,,OlfacEnhancer,observer,,,interpretation,
synth.owner03,지역마다 흔한 식물이 다른데 일곱 종의 구성은 어떤 장소를 기준으로 선택되었는지 궁금하다.,ai,2,synth.observer04,top5-20260909-D03-042,,OlfacEnhancer,observer,,,question,
synth.owner03,지역의 식물에 맞춘 버전을 만든다면 종 목록과 향 대응의 선정 과정을 주민과 함께 논의해볼 만하다.,ai,3,synth.observer04,top5-20260909-D03-043,,OlfacEnhancer,observer,,,idea,
synth.owner03,인공적으로 대응시킨 향이 실제 식물의 냄새로 기억될 수 있으므로 둘의 관계를 설명할 필요가 있겠다.,ai,4,synth.observer04,top5-20260909-D03-044,,OlfacEnhancer,observer,,,concern,
synth.owner03,같은 식물에 대한 시각적 분류와 개인의 후각적 연상을 비교하는 활동은 자연을 관찰하는 여러 방식을 이야기하게 한다.,ai,2,synth.observer04,top5-20260909-D03-045,,OlfacEnhancer,observer,,,review,
synth.owner03,일곱 종류를 벗어난 환경에서는 얼마나 자주 향이 나오지 않거나 예상과 다르게 나오는지 알고 싶다.,ai,1,synth.observer05,top5-20260909-D03-046,,OlfacEnhancer,observer,,,question,
synth.owner03,지원 식물이 있는 짧은 경로와 없는 경로를 함께 보여주면 적합한 사용 장소를 판단하기 쉬울 것이다.,ai,3,synth.observer05,top5-20260909-D03-047,,OlfacEnhancer,observer,,,idea,
synth.owner03,향의 차이를 느끼는 데 집중하다 보면 주변 이동 상황에 주의를 덜 기울일 가능성도 검토해야겠다.,ai,1,synth.observer05,top5-20260909-D03-048,,OlfacEnhancer,observer,,,concern,
synth.owner03,식물 앞에 잠시 멈춰 향을 확인하는 체험을 먼저 제공하면 보행과 후각 탐색을 함께 익히기 좋겠다.,ai,2,synth.observer05,top5-20260909-D03-049,,OlfacEnhancer,observer,,,idea,
synth.owner03,향을 자주 방출하면 반응은 풍부해지지만 금방 익숙해질 수 있다. 모든 인식에 출력할 필요가 있는지 질문해볼 만하다.,ai,3,synth.observer05,top5-20260909-D03-050,,OlfacEnhancer,observer,,,tradeoff,
synth.owner04,공간에서 향을 내보내는 시연과 훈련 시간을 추천하는 시연을 나누어 설명한 점이 서로 다른 입력과 출력을 이해하는 데 도움이 된다.,ai,1,synth.peer01,top5-20260909-D04-001,,착용형 후각 인터페이스,peer_student,,,review,
synth.owner04,관객은 현재 공간 체험을 하는지 식별 훈련을 하는지 인터페이스에서 명확히 구분할 수 있을까?,ai,2,synth.peer01,top5-20260909-D04-002,,착용형 후각 인터페이스,peer_student,,,question,
synth.owner04,두 시연의 시작 화면을 구분하고 필요한 입력만 보여주면 위치 정보와 정답률 정보가 섞여 이해되는 것을 줄일 수 있겠다.,ai,1,synth.peer01,top5-20260909-D04-003,,착용형 후각 인터페이스,peer_student,,,idea,
synth.owner04,팔을 움직이는 행동과 공간에서 이동하는 행동이 함께 일어날 때 향 출력의 원인을 관객이 잘못 연결할 수 있다.,ai,2,synth.peer01,top5-20260909-D04-004,,착용형 후각 인터페이스,peer_student,,,concern,
synth.owner04,처음에는 정지한 상태에서 향 출력을 확인하고 이후 이동을 추가하면 공간과 방출 시점의 관계를 익히기 좋겠다.,ai,2,synth.peer01,top5-20260909-D04-005,,착용형 후각 인터페이스,peer_student,,,idea,
synth.owner04,향 발생 소자와 유연 제어회로를 직접 제작했다는 점에서 장치 자체의 설계 기여가 분명하게 드러난다.,ai,2,synth.peer02,top5-20260909-D04-006,,착용형 후각 인터페이스,peer_student,,,review,
synth.owner04,서른두 채널을 순서대로 사용할 때 채널별 출력 차이를 어떤 방법으로 확인하는지 궁금하다.,ai,2,synth.peer02,top5-20260909-D04-007,,착용형 후각 인터페이스,peer_student,,,question,
synth.owner04,채널 선택과 실제 개폐 상태를 운영자가 확인할 수 있게 하면 향 전달의 문제를 제어 단계에서 점검하기 좋겠다.,ai,2,synth.peer02,top5-20260909-D04-008,,착용형 후각 인터페이스,peer_student,,,idea,
synth.owner04,소자의 방출 시점이 맞더라도 향이 사용자에게 도달하는 시간까지 같다고 볼 수는 없어 실제 전달 과정의 확인이 필요해 보인다.,ai,1,synth.peer02,top5-20260909-D04-009,,착용형 후각 인터페이스,peer_student,,,concern,
synth.owner04,"이동 예측값과 예정된 방출 시점, 실제 출력 기록을 나란히 남기면 선행 방출의 동작을 설명하기 좋겠다.",ai,1,synth.peer02,top5-20260909-D04-010,,착용형 후각 인터페이스,peer_student,,,idea,
synth.owner04,공간의 향을 사용자의 몸에 착용한 장치가 전달하는 구성은 냄새가 어디에서 온다고 느끼는지에 관한 질문을 만든다.,ai,3,synth.peer03,top5-20260909-D04-011,,착용형 후각 인터페이스,peer_student,,,interpretation,
synth.owner04,팔에서 향이 나오더라도 관객은 그것을 가상 공간 속 대상에 연결해 느낄 수 있는지 궁금하다.,ai,3,synth.peer03,top5-20260909-D04-012,,착용형 후각 인터페이스,peer_student,,,question,
synth.owner04,공간적 단서가 있는 장면과 없는 장면에서 같은 향을 제시하면 향의 출처를 해석하는 방식을 살펴볼 수 있겠다.,ai,1,synth.peer03,top5-20260909-D04-013,,착용형 후각 인터페이스,peer_student,,,idea,
synth.owner04,채널 수를 강조하는 설명만으로는 여러 향이 공간 경험에서 어떤 차이를 만드는지 전달하기 어렵다.,ai,3,synth.peer03,top5-20260909-D04-014,,착용형 후각 인터페이스,peer_student,,,concern,
synth.owner04,향의 종류를 늘리는 것보다 적은 종류의 방출 위치와 시점을 정교하게 구성하는 편이 공간적 관계를 이해하기 쉬울 수도 있다.,ai,1,synth.peer03,top5-20260909-D04-015,,착용형 후각 인터페이스,peer_student,,,tradeoff,
synth.owner04,정답률에 따라 추천한 훈련 시간이 실제 다음 수행과 어떤 관계를 갖는지 별도로 평가했는지 궁금하다.,ai,1,synth.peer04,top5-20260909-D04-016,,착용형 후각 인터페이스,peer_student,,,question,
synth.owner04,고정 시간 훈련과 추천 시간 훈련을 비교하되 전체 훈련량도 함께 보고하면 추천 방식의 기여를 해석하기 좋겠다.,ai,2,synth.peer04,top5-20260909-D04-017,,착용형 후각 인터페이스,peer_student,,,idea,
synth.owner04,정답률 상승이 장치의 추천 때문인지 향에 반복 노출된 결과인지 구분하지 않으면 학습 효과의 설명이 모호해질 수 있다.,ai,4,synth.peer04,top5-20260909-D04-018,,착용형 후각 인터페이스,peer_student,,,concern,
synth.owner04,공간 시연의 평가와 훈련 시연의 평가를 별도 표로 제시하면 어떤 기능에서 얻은 결과인지 분명해질 것이다.,ai,4,synth.peer04,top5-20260909-D04-019,,착용형 후각 인터페이스,peer_student,,,idea,
synth.owner04,짧은 체험은 장치의 작동을 소개하기 좋지만 지속적인 훈련의 변화를 설명하기에는 제한적이므로 발표에서 두 범위를 구분하면 좋겠다.,ai,3,synth.peer04,top5-20260909-D04-020,,착용형 후각 인터페이스,peer_student,,,tradeoff,
synth.owner04,사용자의 정답률을 개인별 추천에 활용한다면 결과를 다른 참가자와 비교 가능한 능력 순위처럼 제시하지 않도록 주의해야겠다.,ai,3,synth.peer05,top5-20260909-D04-021,,착용형 후각 인터페이스,peer_student,,,concern,
synth.owner04,"훈련 기록이 개인과 연결되어 보관되는지, 사용자가 기록을 확인하거나 지울 수 있는지 궁금하다.",ai,2,synth.peer05,top5-20260909-D04-022,,착용형 후각 인터페이스,peer_student,,,question,
synth.owner04,추천된 시간과 그 추천에 사용한 최근 수행 정보를 함께 보여주면 사용자가 계획을 이해하고 조정하기 좋겠다.,ai,3,synth.peer05,top5-20260909-D04-023,,착용형 후각 인터페이스,peer_student,,,idea,
synth.owner04,추천된 훈련을 건너뛰거나 종료할 수 있는 선택을 마련하면 수행 점수와 무관하게 참여를 조절할 수 있겠다.,ai,3,synth.peer05,top5-20260909-D04-024,,착용형 후각 인터페이스,peer_student,,,idea,
synth.owner04,개인화가 적절한지는 정답률뿐 아니라 사용자가 자신의 훈련 과정을 얼마나 이해하고 선택할 수 있는지도 함께 보아야겠다.,ai,4,synth.peer05,top5-20260909-D04-025,,착용형 후각 인터페이스,peer_student,,,interpretation,
synth.owner04,이 장치가 새로운 냄새를 만드는 것인지 준비된 향을 필요한 시점에 내보내는 것인지 먼저 설명해주면 좋겠다.,ai,4,synth.observer01,top5-20260909-D04-026,,착용형 후각 인터페이스,observer,,,question,
synth.owner04,AI가 사용된다는 설명만 들으면 장면을 보고 향을 합성한다고 생각할 수 있어 기능별 역할을 구분할 필요가 있다.,ai,1,synth.observer01,top5-20260909-D04-027,,착용형 후각 인터페이스,observer,,,concern,
synth.owner04,"공간 시연에서는 이동과 방출의 관계를, 훈련 시연에서는 답과 추천 시간의 관계를 각각 짧게 보여주면 이해하기 쉬울 것이다.",ai,4,synth.observer01,top5-20260909-D04-028,,착용형 후각 인터페이스,observer,,,idea,
synth.owner04,팔에 착용한 배열의 사진과 소자 구조를 함께 보여준 자료는 작은 부품이 실제 사용 형태로 이어지는 과정을 전달한다.,ai,4,synth.observer01,top5-20260909-D04-029,,착용형 후각 인터페이스,observer,,,review,
synth.owner04,향을 구분하는 훈련에 정답이 있다는 설명을 들으면 시험처럼 느껴질 수도 있는데 체험의 목적을 어떻게 소개할까?,ai,1,synth.observer01,top5-20260909-D04-030,,착용형 후각 인터페이스,observer,,,question,
synth.owner04,전시 중 여러 관객에게 장치를 착용시킬 때 조정과 준비에 어느 정도의 시간이 필요한지 궁금하다.,ai,2,synth.observer02,top5-20260909-D04-031,,착용형 후각 인터페이스,observer,,,question,
synth.owner04,"착용 준비와 공간 시연, 훈련 시연을 따로 안내하면 운영자가 관객의 관심에 맞는 체험을 제안하기 좋겠다.",ai,3,synth.observer02,top5-20260909-D04-032,,착용형 후각 인터페이스,observer,,,idea,
synth.owner04,많은 향을 연속으로 시연하면 주변에 남은 냄새가 다음 관객의 체험에도 영향을 줄 수 있겠다.,ai,1,synth.observer02,top5-20260909-D04-033,,착용형 후각 인터페이스,observer,,,concern,
synth.owner04,시연 사이 간격과 공간 환기 상태를 운영 기록에 남기면 체험 조건이 달라지는 이유를 파악하기 좋겠다.,ai,1,synth.observer02,top5-20260909-D04-034,,착용형 후각 인터페이스,observer,,,idea,
synth.owner04,모든 채널을 보여주면 기술 규모를 전달할 수 있지만 관객의 이해에는 대표적인 몇 가지 동작을 차례로 보여주는 편이 나을 수 있다.,ai,1,synth.observer02,top5-20260909-D04-035,,착용형 후각 인터페이스,observer,,,tradeoff,
synth.owner04,팔의 크기나 움직임 범위가 다른 관객에게 착용 배열을 어떻게 맞추는지 궁금하다.,ai,4,synth.observer03,top5-20260909-D04-036,,착용형 후각 인터페이스,observer,,,question,
synth.owner04,착용 전에 무게와 접촉 부위를 확인하고 참여 여부를 선택할 수 있게 하면 체험을 시작하기 편하겠다.,ai,4,synth.observer03,top5-20260909-D04-037,,착용형 후각 인터페이스,observer,,,idea,
synth.owner04,후각 식별이 어려운 관객에게 정답률만 계속 보여주면 장치를 탐색하는 경험보다 평가받는 느낌이 앞설 수 있다.,ai,1,synth.observer03,top5-20260909-D04-038,,착용형 후각 인터페이스,observer,,,concern,
synth.owner04,점수를 표시하지 않고 향을 선택해 탐색하는 모드도 제공하면 훈련과 다른 방식으로 참여할 수 있겠다.,ai,2,synth.observer03,top5-20260909-D04-039,,착용형 후각 인터페이스,observer,,,idea,
synth.owner04,개인별 훈련 시간을 추천하는 기능은 유용할 수 있지만 당일의 피로감이나 참여 의사까지 점수로 대신 판단해서는 안 되겠다.,ai,1,synth.observer03,top5-20260909-D04-040,,착용형 후각 인터페이스,observer,,,tradeoff,
synth.owner04,같은 향에도 붙이는 이름이 다를 수 있으므로 식별 과제는 냄새 감지와 명칭을 배우는 일이 함께 포함될 수 있다.,ai,4,synth.observer04,top5-20260909-D04-041,,착용형 후각 인터페이스,observer,,,interpretation,
synth.owner04,향의 이름과 익숙함이 다른 문화적 배경의 참여자에게 같은 정답 체계가 적합할지 궁금하다.,ai,1,synth.observer04,top5-20260909-D04-042,,착용형 후각 인터페이스,observer,,,question,
synth.owner04,훈련 전에 각 향에 얼마나 익숙한지 묻고 그 응답을 결과 해석에 함께 제시하면 차이를 이해하기 좋겠다.,ai,3,synth.observer04,top5-20260909-D04-043,,착용형 후각 인터페이스,observer,,,idea,
synth.owner04,개인별 추천이라는 표현이 모든 사람에게 적절한 훈련을 보장한다는 뜻으로 받아들여지지 않도록 설명 범위를 정하면 좋겠다.,ai,2,synth.observer04,top5-20260909-D04-044,,착용형 후각 인터페이스,observer,,,concern,
synth.owner04,공간 경험과 학습 활동을 같은 착용 장치로 탐색한다는 점은 향 인터페이스의 쓰임을 여러 관점에서 논의하게 한다.,ai,1,synth.observer04,top5-20260909-D04-045,,착용형 후각 인터페이스,observer,,,review,
synth.owner04,가상 공간 체험에 필요한 장치와 후각 훈련만 할 때 필요한 장치가 각각 무엇인지 알고 싶다.,ai,3,synth.observer05,top5-20260909-D04-046,,착용형 후각 인터페이스,observer,,,question,
synth.owner04,두 시연에 필요한 구성품과 준비 과정을 별도로 정리하면 교육이나 전시에서 활용 가능성을 판단하기 좋겠다.,ai,3,synth.observer05,top5-20260909-D04-047,,착용형 후각 인터페이스,observer,,,idea,
synth.owner04,연구용 시연을 곧바로 치료 효과의 근거로 소개하면 자료가 보여주는 범위를 넘어설 수 있다.,ai,1,synth.observer05,top5-20260909-D04-048,,착용형 후각 인터페이스,observer,,,concern,
synth.owner04,장치가 수행하는 기능과 아직 검증이 필요한 활용 목적을 구분한 안내를 함께 제공하면 좋겠다.,ai,1,synth.observer05,top5-20260909-D04-049,,착용형 후각 인터페이스,observer,,,idea,
synth.owner04,착용 가능한 크기와 많은 향 채널을 함께 갖추는 것은 흥미롭지만 반복 사용에서는 보충과 관리의 편의성도 중요한 비교 기준이 되겠다.,ai,3,synth.observer05,top5-20260909-D04-050,,착용형 후각 인터페이스,observer,,,tradeoff,
synth.owner05,AI가 생성한 다음 동작을 사용자가 몸이 움직이기 전에 확인할 수 있는지 궁금하다.,ai,3,synth.peer01,top5-20260909-D05-001,,Human Operator,peer_student,,,question,
synth.owner05,초기 체험에서는 동작 제안을 화면으로 확인한 뒤 신체 출력에 동의하는 단계를 두면 제어 관계를 이해하기 좋겠다.,ai,3,synth.peer01,top5-20260909-D05-002,,Human Operator,peer_student,,,idea,
synth.owner05,사용자가 하려는 동작과 AI의 명령이 다를 때 어느 쪽 의도가 우선하는지 명확하지 않으면 참여가 불안할 수 있다.,ai,1,synth.peer01,top5-20260909-D05-003,,Human Operator,peer_student,,,concern,
synth.owner05,"카메라 관찰과 AI의 판단, 팔의 물리적 반응을 연결한 구조는 화면에 제시되는 지시와 다른 상호작용 문제를 드러낸다.",ai,2,synth.peer01,top5-20260909-D05-004,,Human Operator,peer_student,,,review,
synth.owner05,지시만 보는 모드와 동작 제안을 승인하는 모드를 비교하면 직접적인 신체 출력이 필요한 상황을 논의하기 좋겠다.,ai,3,synth.peer01,top5-20260909-D05-005,,Human Operator,peer_student,,,idea,
synth.owner05,장면 해석에 실패하거나 명령이 늦게 도착했을 때 출력 회로가 어떤 상태로 전환되는지 궁금하다.,ai,4,synth.peer02,top5-20260909-D05-006,,Human Operator,peer_student,,,question,
synth.owner05,영상 판단과 전기 자극 사이에는 여러 처리 단계가 있으므로 전체 지연을 확인하지 않으면 현재 상황에 맞지 않는 명령이 남을 수 있다.,ai,2,synth.peer02,top5-20260909-D05-007,,Human Operator,peer_student,,,concern,
synth.owner05,"카메라 입력과 동작 명령, 출력 시점을 함께 기록하는 진단 화면을 제안한다. 단계별 지연을 구분하는 데 도움이 되겠다.",ai,4,synth.peer02,top5-20260909-D05-008,,Human Operator,peer_student,,,idea,
synth.owner05,상용 EMS 모듈에 컴퓨터 제어 회로를 결합했다는 설명은 기성 부품과 프로젝트가 설계한 부분을 구별하게 한다.,ai,3,synth.peer02,top5-20260909-D05-009,,Human Operator,peer_student,,,review,
synth.owner05,신체 연결 없이 명령의 순서와 중단 동작을 확인하는 시연을 먼저 마련하면 제어 구조를 설명하기 좋겠다.,ai,3,synth.peer02,top5-20260909-D05-010,,Human Operator,peer_student,,,idea,
synth.owner05,AI의 해석이 손의 움직임으로 이어질 때 몸은 정보를 받아들이는 주체이면서 동시에 시스템의 출력 매체가 된다.,ai,1,synth.peer03,top5-20260909-D05-011,,Human Operator,peer_student,,,interpretation,
synth.owner05,사용자가 자신의 의도와 다른 움직임을 경험할 때 그 움직임을 자신의 행동으로 느끼는지 궁금하다.,ai,2,synth.peer03,top5-20260909-D05-012,,Human Operator,peer_student,,,question,
synth.owner05,손과 도구가 함께 보이는 일인칭 시점은 관찰하는 장면과 수행하는 신체 사이의 관계를 구체적으로 보여준다.,ai,2,synth.peer03,top5-20260909-D05-013,,Human Operator,peer_student,,,review,
synth.owner05,자동으로 움직이는 손의 시각적 인상이 강해지면 사용자가 느끼는 불편이나 주도권의 문제가 발표에서 가려질 수 있다.,ai,2,synth.peer03,top5-20260909-D05-014,,Human Operator,peer_student,,,concern,
synth.owner05,동작 성공 여부와 별개로 사용자가 움직임을 어떻게 해석했는지 설명하는 시간을 체험 구성에 포함하면 좋겠다.,ai,2,synth.peer03,top5-20260909-D05-015,,Human Operator,peer_student,,,idea,
synth.owner05,손이 목표한 방향으로 움직였다는 사실만으로 작업을 학습했다고 판단하기는 어렵다.,ai,3,synth.peer04,top5-20260909-D05-016,,Human Operator,peer_student,,,concern,
synth.owner05,체험 직후의 수행과 도움 없이 다시 수행한 결과를 구분하면 즉각적인 동작 유도와 학습을 따로 검토할 수 있겠다.,ai,2,synth.peer04,top5-20260909-D05-017,,Human Operator,peer_student,,,idea,
synth.owner05,자료에서 말하는 폐루프는 실제 손의 반응을 다시 관찰해 다음 명령에 반영하는 것인지 구체적인 흐름을 확인하고 싶다.,ai,3,synth.peer04,top5-20260909-D05-018,,Human Operator,peer_student,,,question,
synth.owner05,성공한 장면과 함께 판단이 불확실하거나 동작을 중단한 장면도 제시하면 시스템의 작동 범위를 이해하기 좋겠다.,ai,4,synth.peer04,top5-20260909-D05-019,,Human Operator,peer_student,,,idea,
synth.owner05,단순한 과제는 제어 관계를 설명하기 좋지만 복잡한 도구 사용까지 가능하다는 근거가 되지는 않으므로 평가 범위를 명시하면 좋겠다.,ai,4,synth.peer04,top5-20260909-D05-020,,Human Operator,peer_student,,,tradeoff,
synth.owner05,몸에 직접 동작을 유도하는 체험에서는 시작할 때의 동의뿐 아니라 진행 중 동의를 철회할 방법이 중요해 보인다.,ai,1,synth.peer05,top5-20260909-D05-021,,Human Operator,peer_student,,,concern,
synth.owner05,사용자가 언제든 쉽게 중단할 수 있는 조작을 체험의 첫 단계에서 설명하고 확인하면 좋겠다.,ai,2,synth.peer05,top5-20260909-D05-022,,Human Operator,peer_student,,,idea,
synth.owner05,관찰 영상에 작업 공간의 사적인 정보가 포함될 수 있는데 처리와 보관 범위가 어떻게 정해지는지 궁금하다.,ai,3,synth.peer05,top5-20260909-D05-023,,Human Operator,peer_student,,,question,
synth.owner05,AI가 권하는 동작을 수행할 책임과 사용자가 선택한 행동의 책임을 같은 것으로 취급하기 어려워 제어 권한의 설명이 필요하다.,ai,2,synth.peer05,top5-20260909-D05-024,,Human Operator,peer_student,,,interpretation,
synth.owner05,가능한 동작과 체험에서 제외한 동작을 명시하면 관객이 AI의 수행 범위를 과도하게 기대하는 것을 줄일 수 있겠다.,ai,4,synth.peer05,top5-20260909-D05-025,,Human Operator,peer_student,,,idea,
synth.owner05,"이 장치는 손을 움직이라는 신호를 주는 것인지, 전기 자극으로 실제 움직임을 유도하는 것인지 먼저 구분해주면 좋겠다.",ai,2,synth.observer01,top5-20260909-D05-026,,Human Operator,observer,,,question,
synth.owner05,손이 움직이는 영상만 보면 AI가 사람의 의도를 읽는 장치라고 오해할 수 있다.,ai,2,synth.observer01,top5-20260909-D05-027,,Human Operator,observer,,,concern,
synth.owner05,카메라가 작업 장면을 보고 명령을 만든다는 과정을 짧게 설명하면 입력에 대한 오해를 줄일 수 있겠다.,ai,4,synth.observer01,top5-20260909-D05-028,,Human Operator,observer,,,idea,
synth.owner05,화면의 지시를 사람이 해석하는 단계와 몸에 직접 출력하는 단계의 차이를 비교하기에 눈에 띄는 사례다.,ai,4,synth.observer01,top5-20260909-D05-029,,Human Operator,observer,,,review,
synth.owner05,처음 참여하는 사람에게 어떤 느낌이 예상되는지와 언제 체험이 끝나는지를 사전에 설명하는지 궁금하다.,ai,3,synth.observer01,top5-20260909-D05-030,,Human Operator,observer,,,question,
synth.owner05,전시 운영자가 관객의 체험을 관찰하면서 명령 상태와 중단 여부를 확인할 수 있는 화면이 있을까?,ai,4,synth.observer02,top5-20260909-D05-031,,Human Operator,observer,,,question,
synth.owner05,신체 착용 시연과 장치 구조 설명을 별도 공간으로 나누면 기다리는 관객도 작동 원리를 이해할 수 있겠다.,ai,3,synth.observer02,top5-20260909-D05-032,,Human Operator,observer,,,idea,
synth.owner05,짧은 전시 시간에 많은 사람에게 착용을 반복하면 개인별 준비 과정을 충분히 설명하기 어려울 수 있다.,ai,2,synth.observer02,top5-20260909-D05-033,,Human Operator,observer,,,concern,
synth.owner05,체험 가능 인원보다 준비와 설명에 필요한 시간을 기준으로 예약 간격을 정하면 운영 계획을 세우기 좋겠다.,ai,1,synth.observer02,top5-20260909-D05-034,,Human Operator,observer,,,idea,
synth.owner05,관객이 직접 참여하면 이해가 깊어질 수 있지만 모든 방문객에게 착용을 권하기보다 관찰만 하는 경로도 동등하게 제공하면 좋겠다.,ai,2,synth.observer02,top5-20260909-D05-035,,Human Operator,observer,,,tradeoff,
synth.owner05,착용을 원하지 않거나 참여 조건이 맞지 않는 사람이 같은 개념을 이해할 수 있는 대체 체험이 있는지 궁금하다.,ai,4,synth.observer03,top5-20260909-D05-036,,Human Operator,observer,,,question,
synth.owner05,AI의 동작 명령을 화면 속 손 모형으로 보여주면 신체 자극 없이도 장면 해석과 출력의 관계를 살펴볼 수 있겠다.,ai,3,synth.observer03,top5-20260909-D05-037,,Human Operator,observer,,,idea,
synth.owner05,자발적으로 움직일 수 있는 범위가 사람마다 다르므로 하나의 동작 시연을 모두에게 같은 경험으로 설명하기는 어렵다.,ai,1,synth.observer03,top5-20260909-D05-038,,Human Operator,observer,,,concern,
synth.owner05,체험 중 불편을 표현하는 방법을 말하기에만 의존하지 않도록 중단 의사를 전달할 여러 방식을 고려하면 좋겠다.,ai,1,synth.observer03,top5-20260909-D05-039,,Human Operator,observer,,,idea,
synth.owner05,몸의 직접적인 반응이 작품의 핵심이더라도 관찰과 설명만으로 참여한 사람의 해석을 덜 중요한 것으로 다루지 않았으면 한다.,ai,1,synth.observer03,top5-20260909-D05-040,,Human Operator,observer,,,tradeoff,
synth.owner05,누가 손의 다음 움직임을 정하는지 묻게 된다는 점에서 자동화와 인간의 역할에 관한 토론으로 연결할 수 있다.,ai,3,synth.observer04,top5-20260909-D05-041,,Human Operator,observer,,,interpretation,
synth.owner05,AI가 움직임을 정하더라도 사용자가 과제의 목표를 직접 고르면 경험이 달라질지 궁금하다.,ai,1,synth.observer04,top5-20260909-D05-042,,Human Operator,observer,,,question,
synth.owner05,사용자가 목표를 정하는 조건과 시스템이 과제를 제안하는 조건을 나누어 이야기하면 주도권의 여러 수준을 살펴볼 수 있겠다.,ai,1,synth.observer04,top5-20260909-D05-043,,Human Operator,observer,,,idea,
synth.owner05,사람의 몸을 효율적인 도구처럼만 설명하면 개인의 의사와 체험의 의미가 작업 성공에 가려질 수 있다.,ai,3,synth.observer04,top5-20260909-D05-044,,Human Operator,observer,,,concern,
synth.owner05,이 사례는 AI의 제안을 따르는 일을 화면 속 선택에서 신체적 행위까지 확장해 생각하게 한다.,ai,4,synth.observer04,top5-20260909-D05-045,,Human Operator,observer,,,review,
synth.owner05,시연에서 가능한 손동작과 아직 다루지 못한 작업을 구분한 목록이 있으면 활용 범위를 이해하기 좋겠다.,ai,1,synth.observer05,top5-20260909-D05-046,,Human Operator,observer,,,question,
synth.owner05,특정 도구를 사용하는 짧은 성공 장면만으로 일상 작업 전반을 지원한다고 기대하기는 어렵다.,ai,3,synth.observer05,top5-20260909-D05-047,,Human Operator,observer,,,concern,
synth.owner05,작업 성과 외에도 준비 시간과 사용자가 개입한 횟수를 함께 제시하면 실제 사용 과정을 판단하는 데 도움이 되겠다.,ai,2,synth.observer05,top5-20260909-D05-048,,Human Operator,observer,,,idea,
synth.owner05,동작을 직접 유도하는 방식이 눈에 띄지만 어떤 과제에서는 문자나 시각적 안내만으로도 충분할 수 있어 적용 이유를 설명하면 좋겠다.,ai,4,synth.observer05,top5-20260909-D05-049,,Human Operator,observer,,,tradeoff,
synth.owner05,장치가 특히 유용할 것으로 예상하는 하나의 과제를 정하고 기존 안내 방식과 비교하는 후속 프로젝트를 제안한다.,ai,3,synth.observer05,top5-20260909-D05-050,,Human Operator,observer,,,idea,
synth.owner01,광학 기록이 필요한 답사에는 생성 카메라를 쓰지 않겠다.,ai,2,synth.peer01,top5-r2-D01-001,persona_extension,Paragraphica,peer_student,r2.documentarian,기록의 근거를 중시하는 창작 학생,position,documentary_use
synth.owner01,보통 카메라의 사진 한 장과 이 장치의 이미지 한 장을 한 쌍으로 남기고 싶다. 둘이 어긋난 부분을 삭제하지 않고 장소 기록의 빈틈으로 다루겠다.,ai,2,synth.peer01,top5-r2-D01-002,persona_extension,Paragraphica,peer_student,r2.documentarian,기록의 근거를 중시하는 창작 학생,proposal,counter_archive
synth.owner01,주변 장소 데이터에 등록되지 않은 노점이나 임시 모임은 이 카메라의 장소 묘사에서 어떻게 존재할 수 있을까?,ai,1,synth.peer01,top5-r2-D01-003,persona_extension,Paragraphica,peer_student,r2.documentarian,기록의 근거를 중시하는 창작 학생,question,missing_evidence
synth.owner01,렌즈가 없다면 장치를 앞쪽으로 겨누는 동작도 굳이 유지할 이유가 없어 보인다. 테이블 위에서 지도처럼 조작하는 형태가 데이터 탐색에는 더 솔직하다.,ai,4,synth.peer01,top5-r2-D01-004,persona_extension,Paragraphica,peer_student,r2.documentarian,기록의 근거를 중시하는 창작 학생,position,orientation
synth.owner01,모든 생성 결과를 저장하는 기능은 원하지 않는다. 내가 기록으로 채택한 결과와 버린 결과 사이에 선택이 있어야 내 작업이라고 느낄 것 같다.,ai,4,synth.peer01,top5-r2-D01-005,persona_extension,Paragraphica,peer_student,r2.documentarian,기록의 근거를 중시하는 창작 학생,tradeoff,selective_saving
synth.owner01,다이얼 하나의 고장 때문에 몸체 전체를 버리는 설계라면 만들지 않겠다.,ai,2,synth.peer02,top5-r2-D01-006,persona_extension,Paragraphica,peer_student,r2.repair_maker,수리와 재사용을 우선하는 제작 학생,priority,repairability
synth.owner01,다음 버전은 외관을 새로 출력하기보다 기존 몸체 안에 다른 회로를 넣는 과제로 잡겠다. 생성 기술이 바뀌어도 손에 익은 물건은 남길 수 있다.,ai,3,synth.peer02,top5-r2-D01-007,persona_extension,Paragraphica,peer_student,r2.repair_maker,수리와 재사용을 우선하는 제작 학생,proposal,reuse
synth.owner01,이미지 한 장을 만들 때 어떤 유료 서비스와 지속적인 관리가 필요한가? 공개 코드만으로 내가 유지할 수 있는 장치인지 판단하고 싶다.,ai,1,synth.peer02,top5-r2-D01-008,persona_extension,Paragraphica,peer_student,r2.repair_maker,수리와 재사용을 우선하는 제작 학생,question,dependency_cost
synth.owner01,인터넷이 없는 답사에서는 생성이 끝날 때까지 기다리지 않겠다. 현장에서 확보한 정보로 나중에 한 번 생성하는 방식도 내 작업에는 충분하다.,ai,2,synth.peer02,top5-r2-D01-009,persona_extension,Paragraphica,peer_student,r2.repair_maker,수리와 재사용을 우선하는 제작 학생,position,offline_value
synth.owner01,몸체를 완벽히 감추는 마감보다 다이얼의 배선이 보이는 수리용 뒷판을 선택하겠다. 어떻게 고치는지 보이는 것이 내게는 제품의 완성도다.,ai,2,synth.peer02,top5-r2-D01-010,persona_extension,Paragraphica,peer_student,r2.repair_maker,수리와 재사용을 우선하는 제작 학생,proposal,material_visibility
synth.owner01,실제 장소를 충실히 닮은 결과보다 낯선 풍경이 나오는 순간을 기대한다.,ai,2,synth.peer03,top5-r2-D01-011,persona_extension,Paragraphica,peer_student,r2.improviser,우연과 어긋남을 활용하는 공연 창작 학생,position,productive_fiction
synth.owner01,이미지를 확인하지 않고 세 사람이 다이얼을 하나씩 맡아 돌리는 공연을 해보고 싶다. 셔터를 누른 뒤에야 서로의 선택이 어떤 장면을 만들었는지 알게 하는 방식이다.,ai,2,synth.peer03,top5-r2-D01-012,persona_extension,Paragraphica,peer_student,r2.improviser,우연과 어긋남을 활용하는 공연 창작 학생,proposal,chance_performance
synth.owner01,생성 시간을 전부 줄일 필요는 없다. 셔터 뒤의 기다림을 침묵으로 남기면 즉시 결과를 얻는 카메라와 다른 리듬을 만들 수 있다.,ai,3,synth.peer03,top5-r2-D01-013,persona_extension,Paragraphica,peer_student,r2.improviser,우연과 어긋남을 활용하는 공연 창작 학생,position,waiting_as_form
synth.owner01,가장 마음에 드는 결과를 고르게 하는 대신 첫 결과로 짧은 이야기를 시작하는 규칙을 제안한다. 다시 생성하며 더 예쁜 이미지를 찾는 경쟁은 피하고 싶다.,ai,1,synth.peer03,top5-r2-D01-014,persona_extension,Paragraphica,peer_student,r2.improviser,우연과 어긋남을 활용하는 공연 창작 학생,proposal,anti_optimization
synth.owner01,앞을 향해 겨누는 동작은 남기고 싶다. 광학적으로 아무 역할이 없어도 누군가와 함께 풍경을 향해 선다는 행동 자체가 이 물건의 의미일 수 있다.,ai,3,synth.peer03,top5-r2-D01-015,persona_extension,Paragraphica,peer_student,r2.improviser,우연과 어긋남을 활용하는 공연 창작 학생,interpretation,camera_gesture
synth.owner01,이번 학기 과제라면 다이얼 세 개를 모두 구현하지 않겠다. 반경 하나가 결과를 바꾸는 사례를 제대로 보여주는 쪽을 택하겠다.,ai,1,synth.peer04,top5-r2-D01-016,persona_extension,Paragraphica,peer_student,r2.scoped_prototyper,학기 안에 답할 질문을 좁히는 학생,priority,scope_reduction
synth.owner01,"같은 환경 문장과 이미지를 웹페이지에서도 만들 수 있다면, 심사에서 물리적 몸체의 필요성을 어떤 장면으로 입증할 수 있을까?",ai,2,synth.peer04,top5-r2-D01-017,persona_extension,Paragraphica,peer_student,r2.scoped_prototyper,학기 안에 답할 질문을 좁히는 학생,question,hardware_necessity
synth.owner01,동일한 생성 기능을 키보드와 다이얼로 각각 조작하게 해보자. 장치를 제작한 시간이 사용자 행동에 어떤 차이를 주는지 확인하는 것이 우선이다.,ai,3,synth.peer04,top5-r2-D01-018,persona_extension,Paragraphica,peer_student,r2.scoped_prototyper,학기 안에 답할 질문을 좁히는 학생,proposal,ablation_of_form
synth.owner01,발표에서는 우연히 좋은 그림이 나오는 데 기대고 싶지 않다. 새로운 생성과 사전에 확보한 예시를 구분해 준비해두겠다.,ai,3,synth.peer04,top5-r2-D01-019,persona_extension,Paragraphica,peer_student,r2.scoped_prototyper,학기 안에 답할 질문을 좁히는 학생,position,repeatability_for_demo
synth.owner01,열 명에게 재미있었는지 묻기보다 두 명이 서로 다른 반경을 고른 이유를 자세히 듣겠다. 이번 과제에서 설명할 수 있는 질문의 수를 줄이고 싶다.,ai,3,synth.peer04,top5-r2-D01-020,persona_extension,Paragraphica,peer_student,r2.scoped_prototyper,학기 안에 답할 질문을 좁히는 학생,tradeoff,limited_evaluation
synth.owner01,동네 모임에서는 반경을 함께 정하는 데 시간을 쓰겠다. 촬영자가 버튼을 누르기 전에 어디까지를 우리 동네로 부를지 각자 지도에 표시하게 하고 싶다. 의견이 갈리면 투표로 하나를 고르기보다 다른 범위로 각각 생성하겠다. 이미지가 합의를 대신하는 결과물이 되는 것은 원하지 않는다.,ai,2,synth.peer05,top5-r2-D01-021,persona_extension,Paragraphica,peer_student,r2.community_codesigner,공동 결정에 관심을 두는 학생,proposal,collective_radius
synth.owner01,결과물의 저자를 셔터를 누른 사람 한 명으로 적고 싶지 않다. 환경을 설명하고 설정을 정한 사람들도 이미지의 형성에 참여한다.,ai,3,synth.peer05,top5-r2-D01-022,persona_extension,Paragraphica,peer_student,r2.community_codesigner,공동 결정에 관심을 두는 학생,position,shared_authorship
synth.owner01,"장소 데이터에서 유명 상점은 잘 잡히고 오래된 쉼터는 빠진다면, 주민이 직접 선택한 장소 목록을 입력으로 쓸 수 있을까?",ai,4,synth.peer05,top5-r2-D01-023,persona_extension,Paragraphica,peer_student,r2.community_codesigner,공동 결정에 관심을 두는 학생,question,local_selection
synth.owner01,서로 다른 모임이 같은 구역을 어떻게 묘사하는지 비교하는 전시를 제안한다. 합의된 대표 이미지 한 장으로 마무리하지 않고 여러 결과를 함께 남기겠다.,ai,4,synth.peer05,top5-r2-D01-024,persona_extension,Paragraphica,peer_student,r2.community_codesigner,공동 결정에 관심을 두는 학생,proposal,contested_place
synth.owner01,공개 전시는 이야기를 널리 나누기 좋지만 동네의 모든 생성 이미지를 외부인이 가져가게 하지는 않겠다. 공개할 결과는 참여자가 고르게 하고 싶다.,ai,2,synth.peer05,top5-r2-D01-025,persona_extension,Paragraphica,peer_student,r2.community_codesigner,공동 결정에 관심을 두는 학생,tradeoff,ownership_of_output
synth.owner01,점심시간에 잠깐 들른다면 다이얼 공부까지 하고 싶지는 않다. 한 번 누르고 결과 하나를 보는 체험이면 충분하다.,ai,4,synth.observer01,top5-r2-D01-026,persona_extension,Paragraphica,observer,r2.hurried_visitor,짧게 들르는 방문객,position,time_budget
synth.owner01,이미지를 기다리다가 자리를 떠나도 되는가? 도중에 중단한 사람이 다음 관객의 체험을 막지 않았으면 한다.,ai,1,synth.observer01,top5-r2-D01-027,persona_extension,Paragraphica,observer,r2.hurried_visitor,짧게 들르는 방문객,question,interruption
synth.owner01,"처음에는 추천 설정 하나로 바로 시작하고, 결과가 마음에 걸릴 때만 다이얼을 만져보고 싶다. 설정을 이해해야만 참여할 수 있는 순서는 부담스럽다.",ai,1,synth.observer01,top5-r2-D01-028,persona_extension,Paragraphica,observer,r2.hurried_visitor,짧게 들르는 방문객,proposal,quick_mode
synth.owner01,이미지 한 장을 받으려고 이메일을 남기지는 않겠다.,ai,1,synth.observer01,top5-r2-D01-029,persona_extension,Paragraphica,observer,r2.hurried_visitor,짧게 들르는 방문객,position,no_followup
synth.owner01,내가 원하는 것은 환경 데이터 전체 목록보다 결과가 언제 나오는지에 대한 감각이다. 자세한 설명은 시간 여유가 있는 날 읽겠다.,ai,1,synth.observer01,top5-r2-D01-030,persona_extension,Paragraphica,observer,r2.hurried_visitor,짧게 들르는 방문객,tradeoff,speed_over_detail
synth.owner01,외부 장소 서비스가 사라진 뒤에도 이 작품의 한 장면을 다시 실행할 수 있을까? 전시 때의 화면 녹화만으로는 조작의 관계를 보존하기 어렵다.,ai,4,synth.observer02,top5-r2-D01-031,persona_extension,Paragraphica,observer,r2.conservator,보존과 재시연을 계획하는 관찰자,question,future_reconstruction
synth.owner01,"보존할 때 생성 이미지 파일만 받아서는 부족하다. 당시 환경 문장과 조작값, 소프트웨어 버전을 연결해 남기고 외부 서비스가 없을 때 어떤 부분까지 재현할 수 있는지도 기록하겠다. 시간이 지나 다른 모델을 쓰게 되면 기존 장면을 덮어쓰지 않고 별도 버전으로 보관하겠다.",ai,3,synth.observer02,top5-r2-D01-032,persona_extension,Paragraphica,observer,r2.conservator,보존과 재시연을 계획하는 관찰자,proposal,versioned_work
synth.owner01,미래에 더 좋은 생성 모델이 나와도 원작의 결과를 자동으로 교체하지 않겠다. 덜 정교한 이미지도 특정 시기의 작품을 구성한다.,ai,3,synth.observer02,top5-r2-D01-033,persona_extension,Paragraphica,observer,r2.conservator,보존과 재시연을 계획하는 관찰자,position,authenticity_of_change
synth.owner01,원래 다이얼의 저항감과 새 부품의 저항감이 다르면 같은 작품으로 볼 수 있을까? 보존 기준에 촉각적 조작감이 포함되는지 듣고 싶다.,ai,1,synth.observer02,top5-r2-D01-034,persona_extension,Paragraphica,observer,r2.conservator,보존과 재시연을 계획하는 관찰자,question,irreplaceable_part
synth.owner01,생성 지연을 포함한 원래 작동을 남기는 버전과 빠르게 시연하는 버전을 따로 관리하겠다. 관람 편의 때문에 작품의 시간적 성격을 지우고 싶지는 않다.,ai,1,synth.observer02,top5-r2-D01-035,persona_extension,Paragraphica,observer,r2.conservator,보존과 재시연을 계획하는 관찰자,tradeoff,preserving_latency
synth.owner01,생성이 끝났다는 이유로 화면이 갑자기 밝아지는 방식은 원하지 않는다. 결과를 여는 순간은 내가 고르고 싶다.,ai,2,synth.observer03,top5-r2-D01-036,persona_extension,Paragraphica,observer,r2.boundary_visitor,감각 노출과 신체 참여 범위를 직접 정하는 방문객,position,sensory_control
synth.owner01,화면 밝기와 전환 속도를 체험 시작 전에 고정할 수 있으면 참여하겠다. 이미지마다 밝기가 달라져도 장치의 반응까지 갑작스럽지 않았으면 한다.,ai,2,synth.observer03,top5-r2-D01-037,persona_extension,Paragraphica,observer,r2.boundary_visitor,감각 노출과 신체 참여 범위를 직접 정하는 방문객,proposal,predictable_display
synth.owner01,결과 이미지를 보지 않고 생성에 사용한 환경 문장만 읽어도 체험이 성립하는가? 나는 그 문장들이 어떤 장소를 상상하게 하는지에 더 관심이 있다.,ai,1,synth.observer03,top5-r2-D01-038,persona_extension,Paragraphica,observer,r2.boundary_visitor,감각 노출과 신체 참여 범위를 직접 정하는 방문객,question,nonvisual_result
synth.owner01,내가 확인하기 전에 결과가 큰 화면에 공개된다면 사용하지 않겠다.,ai,2,synth.observer03,top5-r2-D01-039,persona_extension,Paragraphica,observer,r2.boundary_visitor,감각 노출과 신체 참여 범위를 직접 정하는 방문객,position,refusal_of_shared_screen
synth.owner01,낯선 이미지가 나오는 것은 괜찮지만 언제 나타날지까지 예측할 수 없을 필요는 없다. 내용의 놀라움과 장치 반응의 불확실성을 구분해줬으면 한다.,ai,4,synth.observer03,top5-r2-D01-040,persona_extension,Paragraphica,observer,r2.boundary_visitor,감각 노출과 신체 참여 범위를 직접 정하는 방문객,tradeoff,control_vs_surprise
synth.owner01,이미 없어진 동네를 떠올리는 자리에서 사용한다면 현재의 장소 데이터만으로 충분하지 않을 것 같다. 지금의 이름과 가족이 부르던 이름이 다를 수 있기 때문이다.,ai,2,synth.observer04,top5-r2-D01-041,persona_extension,Paragraphica,observer,r2.memory_custodian,가족의 이야기를 다룬다고 가정한 관찰자,interpretation,absent_places
synth.owner01,생성 이미지 위에 우리가 기억하는 가게와 길을 손으로 표시해보고 싶다. 장치가 만든 풍경을 가족의 기억에 맞는 정답으로 고치는 일과는 다르다.,ai,1,synth.observer04,top5-r2-D01-042,persona_extension,Paragraphica,observer,r2.memory_custodian,가족의 이야기를 다룬다고 가정한 관찰자,proposal,family_annotations
synth.owner01,완성도 높은 이미지보다 그때 왜 그 반경을 골랐는지 적은 메모를 가져가고 싶다. 나중에는 그림보다 선택의 이유가 더 기억날 수도 있다.,ai,1,synth.observer04,top5-r2-D01-043,persona_extension,Paragraphica,observer,r2.memory_custodian,가족의 이야기를 다룬다고 가정한 관찰자,position,private_keepsake
synth.owner01,같은 집을 두 사람이 전혀 다르게 기억하면 결과를 한 장으로 합쳐야 할까? 나는 서로 다른 이미지 두 장을 그대로 남기는 편이 낫다.,ai,4,synth.observer04,top5-r2-D01-044,persona_extension,Paragraphica,observer,r2.memory_custodian,가족의 이야기를 다룬다고 가정한 관찰자,question,different_memories
synth.owner01,과거 이야기를 위해 현재 데이터를 바꾸고 싶지만 그것이 실제 과거의 복원으로 보이는 것은 원하지 않는다. 우리가 지금 과거를 상상했다는 시간을 함께 남기겠다.,ai,1,synth.observer04,top5-r2-D01-045,persona_extension,Paragraphica,observer,r2.memory_custodian,가족의 이야기를 다룬다고 가정한 관찰자,tradeoff,memory_and_present
synth.owner01,장소를 정확히 전달해야 하는 현장 보고에는 채택하지 않겠다. 반대로 같은 자료가 다른 이미지가 되는 이유를 토론하는 교육에는 쓸 만하다.,ai,4,synth.observer05,top5-r2-D01-046,persona_extension,Paragraphica,observer,r2.practice_trainer,실제 수행과 반복 수업을 중시하는 지도자 역할의 관찰자,position,job_fit
synth.owner01,수업에서 사용한다면 체험 뒤 실제 사진과 생성 이미지를 다른 사람에게 설명하게 하겠다. 장치를 떠난 뒤에도 차이를 전달하는지가 중요하다.,ai,2,synth.observer05,top5-r2-D01-047,persona_extension,Paragraphica,observer,r2.practice_trainer,실제 수행과 반복 수업을 중시하는 지도자 역할의 관찰자,proposal,transfer_task
synth.owner01,강사가 생성 모델의 모든 설정을 알아야 체험을 운영할 수 있는가? 담당자가 바뀌어도 핵심 활동을 이어갈 수 있어야 도입을 검토하겠다.,ai,4,synth.observer05,top5-r2-D01-048,persona_extension,Paragraphica,observer,r2.practice_trainer,실제 수행과 반복 수업을 중시하는 지도자 역할의 관찰자,question,staff_skill
synth.owner01,장치 가격보다 한 학기 동안 재료와 서비스에 얼마가 드는지 먼저 보고 싶다. 구매 뒤에도 유지할 수 있는 수업이어야 한다.,ai,4,synth.observer05,top5-r2-D01-049,persona_extension,Paragraphica,observer,r2.practice_trainer,실제 수행과 반복 수업을 중시하는 지도자 역할의 관찰자,priority,operating_budget
synth.owner01,"처음 보는 수업에서는 신기한 장치라는 이유만으로 관심을 끌 수 있겠다. 그러나 다음 시간에도 같은 생성 버튼만 누른다면 정규 활동으로 채택하지 않겠다. 다른 반경이나 장소 설명을 선택한 이유를 서로 검토하고, 장치 없이도 이미지의 성격을 설명하는 활동으로 이어질 때 반복해서 쓰겠다. 내가 필요한 것은 지속할 수 있는 수업이다.",ai,2,synth.observer05,top5-r2-D01-050,persona_extension,Paragraphica,observer,r2.practice_trainer,실제 수행과 반복 수업을 중시하는 지도자 역할의 관찰자,tradeoff,value_without_novelty
synth.owner02,인터뷰 자료를 설명하는 데 모델이 만든 서사를 그대로 붙이지 않겠다. 사진 제공자의 말과 기계가 덧붙인 문장을 독자가 구분할 수 있어야 한다.,ai,3,synth.peer01,top5-r2-D02-001,persona_extension,The Anemoia Device,peer_student,r2.documentarian,기록의 근거를 중시하는 창작 학생,position,memory_evidence
synth.owner02,사진의 설명을 내가 직접 쓰고 그 문장으로 향을 만드는 경로를 택하고 싶다. 이미지 해석까지 모두 맡기는 것이 이 장치의 필수 조건일 필요는 없다.,ai,2,synth.peer01,top5-r2-D02-002,persona_extension,The Anemoia Device,peer_student,r2.documentarian,기록의 근거를 중시하는 창작 학생,proposal,authored_caption
synth.owner02,사진 밖의 사건이 기억의 중심일 때는 어떤 입력이 가능한가? 사진만으로 그날의 이야기를 정하게 하고 싶지 않다.,ai,4,synth.peer01,top5-r2-D02-003,persona_extension,The Anemoia Device,peer_student,r2.documentarian,기록의 근거를 중시하는 창작 학생,question,unseen_context
synth.owner02,이 향은 과거 사건의 증거가 아니라 오늘 사진을 해석한 창작물로 보관하겠다.,ai,3,synth.peer01,top5-r2-D02-004,persona_extension,The Anemoia Device,peer_student,r2.documentarian,기록의 근거를 중시하는 창작 학생,position,material_testimony
synth.owner02,서사를 수정할 수 있다는 것만으로는 충분하지 않다. 수정하지 않은 부분이 사실처럼 남을 수 있어 내 말과 모델의 말을 처음부터 구별하겠다.,ai,2,synth.peer01,top5-r2-D02-005,persona_extension,The Anemoia Device,peer_student,r2.documentarian,기록의 근거를 중시하는 창작 학생,tradeoff,source_of_story
synth.owner02,향의 종류를 늘리기보다 다음 배합을 위한 청소부터 간단하게 만들겠다.,ai,3,synth.peer02,top5-r2-D02-006,persona_extension,The Anemoia Device,peer_student,r2.repair_maker,수리와 재사용을 우선하는 제작 학생,priority,cleaning_labor
synth.owner02,향료병과 튜브를 특정 공급처에서만 구해야 하는가? 부품을 구하지 못하면 사진과 서사 기능이 살아 있어도 물리적인 체험은 중단된다.,ai,2,synth.peer02,top5-r2-D02-007,persona_extension,The Anemoia Device,peer_student,r2.repair_maker,수리와 재사용을 우선하는 제작 학생,question,consumable_lockin
synth.owner02,개인 소장품을 많이 만드는 대신 소량의 시험 배합으로 충분히 비교하는 체험을 제안한다. 결과가 마음에 들지 않을 때 버릴 액체도 줄어든다.,ai,3,synth.peer02,top5-r2-D02-008,persona_extension,The Anemoia Device,peer_student,r2.repair_maker,수리와 재사용을 우선하는 제작 학생,proposal,small_volume
synth.owner02,반투명 외관보다 혼합부를 쉽게 분리할 수 있는 조립 방식을 택하겠다. 보이는 장치와 손이 닿아 고칠 수 있는 장치는 다르다.,ai,1,synth.peer02,top5-r2-D02-009,persona_extension,The Anemoia Device,peer_student,r2.repair_maker,수리와 재사용을 우선하는 제작 학생,position,serviceable_assembly
synth.owner02,많은 향을 준비하는 대신 네 재료의 조합을 깊게 다루겠다. 재료가 적다는 제약이 배합에 대한 토론을 더 구체적으로 만들 수 있다.,ai,4,synth.peer02,top5-r2-D02-010,persona_extension,The Anemoia Device,peer_student,r2.repair_maker,수리와 재사용을 우선하는 제작 학생,tradeoff,fewer_materials
synth.owner02,사진과 닮지 않은 향도 환영한다.,ai,1,synth.peer03,top5-r2-D02-011,persona_extension,The Anemoia Device,peer_student,r2.improviser,우연과 어긋남을 활용하는 공연 창작 학생,position,unfaithful_memory
synth.owner02,같은 사진에 관점만 바꾸어 세 개의 배합을 만들고 차례로 맡는 짧은 공연을 제안한다. 관점의 변화가 사건의 순서처럼 느껴지는지 탐색하겠다.,ai,3,synth.peer03,top5-r2-D02-012,persona_extension,The Anemoia Device,peer_student,r2.improviser,우연과 어긋남을 활용하는 공연 창작 학생,proposal,olfactory_score
synth.owner02,서사는 끝까지 읽지 않아도 된다. 향을 맡은 관객이 먼저 자기 문장을 쓴 다음 기계의 문장과 마주치게 하고 싶다.,ai,4,synth.peer03,top5-r2-D02-013,persona_extension,The Anemoia Device,peer_student,r2.improviser,우연과 어긋남을 활용하는 공연 창작 학생,position,delayed_language
synth.owner02,서로 다른 사진을 가져온 두 사람이 하나의 배합을 협상한다면 누구의 장면도 아닌 향이 나올까? 그 어긋남이 작업의 소재가 될 것 같다.,ai,4,synth.peer03,top5-r2-D02-014,persona_extension,The Anemoia Device,peer_student,r2.improviser,우연과 어긋남을 활용하는 공연 창작 학생,question,shared_mixing
synth.owner02,펌프가 움직이는 소리와 액체가 모이는 시간도 작품에 남기고 싶다. 향만 즉시 받는 매끈한 장치로 바꾸면 만드는 과정의 긴장이 줄어들 수 있다.,ai,2,synth.peer03,top5-r2-D02-015,persona_extension,The Anemoia Device,peer_student,r2.improviser,우연과 어긋남을 활용하는 공연 창작 학생,tradeoff,visible_mechanics
synth.owner02,이번 프로젝트에서는 네 펌프가 낼 수 있는 차이가 관객에게 구분되는지부터 다루겠다. 기억과 감정 전체를 설명하는 과제까지 동시에 맡지는 않겠다.,ai,4,synth.peer04,top5-r2-D02-016,persona_extension,The Anemoia Device,peer_student,r2.scoped_prototyper,학기 안에 답할 질문을 좁히는 학생,priority,one_question
synth.owner02,사진 설명문을 고정하고 감정 선택만 바꾸어 서사와 배합을 비교하겠다. 두 모델이 함께 만드는 변화를 한 번에 설명하려면 과제 범위가 너무 커진다.,ai,4,synth.peer04,top5-r2-D02-017,persona_extension,The Anemoia Device,peer_student,r2.scoped_prototyper,학기 안에 답할 질문을 좁히는 학생,proposal,pipeline_reduction
synth.owner02,모델 두 개를 거치는 구성이 관객에게 어떤 이점을 주는가? 하나를 빼도 같은 체험을 만들 수 있다면 남은 시간을 혼합부에 쓰겠다.,ai,1,synth.peer04,top5-r2-D02-018,persona_extension,The Anemoia Device,peer_student,r2.scoped_prototyper,학기 안에 답할 질문을 좁히는 학생,question,benefit_of_second_model
synth.owner02,감정 설정을 바꿔도 관객이 향 차이를 구분하지 못한다면 그 결과도 발표하겠다. 그때는 향을 더 늘리기보다 연결 방식을 다시 생각할 수 있다.,ai,3,synth.peer04,top5-r2-D02-019,persona_extension,The Anemoia Device,peer_student,r2.scoped_prototyper,학기 안에 답할 질문을 좁히는 학생,position,accepting_negative_result
synth.owner02,완성된 외관보다 실제 네 재료가 어떻게 섞였는지 확인할 수 있는 시제품이 필요하다. 다만 액체가 작동한다는 사실을 감정 표현의 성공과 같게 보고 싶지는 않다.,ai,4,synth.peer04,top5-r2-D02-020,persona_extension,The Anemoia Device,peer_student,r2.scoped_prototyper,학기 안에 답할 질문을 좁히는 학생,tradeoff,prototype_scope
synth.owner02,공동체 기록 모임이라면 사진을 고르는 사람과 다이얼을 돌리는 사람을 분리해보고 싶다. 한 사람이 해석을 독점하지 않도록 역할을 돌아가며 맡게 하겠다.,ai,4,synth.peer05,top5-r2-D02-021,persona_extension,The Anemoia Device,peer_student,r2.community_codesigner,공동 결정에 관심을 두는 학생,proposal,group_authoring
synth.owner02,단체사진을 가져온 한 사람이 다른 사람의 기억까지 향으로 표현해도 되는가? 사진 소유와 그 안의 경험을 해석할 권한은 같은 문제가 아니다.,ai,1,synth.peer05,top5-r2-D02-022,persona_extension,The Anemoia Device,peer_student,r2.community_codesigner,공동 결정에 관심을 두는 학생,question,shared_photo_rights
synth.owner02,공동체 사진에 어울리는 향 하나를 정하는 것이 이 모임의 목적은 아니다. 어떤 배합이 자기 기억과 맞지 않는다고 말하는 사람이 있다면 그 의견을 다수의 선택으로 지우지 않겠다. 다른 향을 남길 수도 있고 아무 향도 만들지 않을 수도 있다. 공동 작업의 결과에는 완성된 액체뿐 아니라 끝내 합의하지 않은 연결도 포함하고 싶다.,ai,3,synth.peer05,top5-r2-D02-023,persona_extension,The Anemoia Device,peer_student,r2.community_codesigner,공동 결정에 관심을 두는 학생,position,optout_from_consensus
synth.owner02,배합을 시작하기 전에 참여자가 재료를 어떻게 부르는지 적어보고 싶다. 모델이 제시한 감정 어휘만으로 모임의 언어가 정해지지 않게 하겠다.,ai,2,synth.peer05,top5-r2-D02-024,persona_extension,The Anemoia Device,peer_student,r2.community_codesigner,공동 결정에 관심을 두는 학생,proposal,community_vocabulary
synth.owner02,함께 향을 맡으면 이야기가 이어질 수 있지만 개인적인 사진을 모두가 보는 것은 다른 결정이다. 사진 공개와 향 공유를 각각 선택하게 하겠다.,ai,4,synth.peer05,top5-r2-D02-025,persona_extension,The Anemoia Device,peer_student,r2.community_codesigner,공동 결정에 관심을 두는 학생,tradeoff,public_and_intimate
synth.owner02,짧게 들른 전시라면 내 사진을 찾고 올리는 데 시간을 쓰지 않겠다. 눈앞의 샘플 한 장으로 바로 조작할 수 있을 때 참여할 것 같다.,ai,1,synth.observer01,top5-r2-D02-026,persona_extension,The Anemoia Device,observer,r2.hurried_visitor,짧게 들르는 방문객,position,short_visit
synth.owner02,향을 섞는 동안 줄 밖으로 나가 있어도 되는가? 결과가 나올 때까지 계속 장치 앞을 지켜야 한다면 체험을 포기할 수 있다.,ai,3,synth.observer01,top5-r2-D02-027,persona_extension,The Anemoia Device,observer,r2.hurried_visitor,짧게 들르는 방문객,question,ownership_of_waiting
synth.owner02,향을 소장하지 않고 현장에서 한 번 맡고 끝내고 싶다.,ai,4,synth.observer01,top5-r2-D02-028,persona_extension,The Anemoia Device,observer,r2.hurried_visitor,짧게 들르는 방문객,position,no_souvenir
synth.owner02,첫 체험에서는 관점과 시간은 고정하고 감정 하나만 고르겠다. 처음부터 선택이 많으면 결과보다 설정을 결정한 일이 더 기억날 것 같다.,ai,3,synth.observer01,top5-r2-D02-029,persona_extension,The Anemoia Device,observer,r2.hurried_visitor,짧게 들르는 방문객,proposal,one_decision
synth.owner02,긴 생성 이야기를 읽는 대신 제목 한 줄만 받아도 충분하다. 내가 선택한 감정과 향이 연결되는지 잠깐 생각할 틈은 남겼으면 한다.,ai,4,synth.observer01,top5-r2-D02-030,persona_extension,The Anemoia Device,observer,r2.hurried_visitor,짧게 들르는 방문객,tradeoff,short_story
synth.owner02,몇 년 뒤 같은 혼합물을 만들어도 같은 향이라고 말할 수 있을까? 배합표만 남겨서는 재료가 변한 정도를 판단하기 어려울 수 있다.,ai,1,synth.observer02,top5-r2-D02-031,persona_extension,The Anemoia Device,observer,r2.conservator,보존과 재시연을 계획하는 관찰자,question,ephemeral_archive
synth.owner02,"전시 당시의 향료 종류와 공급 정보, 혼합 절차를 함께 보존하겠다. 액체 결과물만 수장고에 넣는 방식은 피하고 싶다.",ai,1,synth.observer02,top5-r2-D02-032,persona_extension,The Anemoia Device,observer,r2.conservator,보존과 재시연을 계획하는 관찰자,proposal,reference_material
synth.owner02,웹페이지의 향 목록이 늘었다고 이전 전시의 재료 목록을 최신 목록으로 고치지 않겠다. 어떤 네 향이 장착되었는지도 버전별로 남겨야 한다.,ai,1,synth.observer02,top5-r2-D02-033,persona_extension,The Anemoia Device,observer,r2.conservator,보존과 재시연을 계획하는 관찰자,position,conserving_variants
synth.owner02,"어떤 향료를 구할 수 없게 된 상황을 보존 계획에 넣고 싶다. 이름이 비슷한 새 재료로 바꾸면 되는지, 배합 비율을 조정해도 되는지, 아니면 원래 향의 재현을 중단해야 하는지 제작자와 정해두겠다. 대체 재료를 사용한 시연이라면 관객이 그 사실을 알 수 있도록 전시 기록에도 남기겠다.",ai,3,synth.observer02,top5-r2-D02-034,persona_extension,The Anemoia Device,observer,r2.conservator,보존과 재시연을 계획하는 관찰자,question,reperformance_rights
synth.owner02,향이 사라진 용기도 작품의 흔적으로 전시할 수 있다고 본다. 다만 당시의 냄새를 재현한 것처럼 소개하는 설명에는 동의하지 않는다.,ai,2,synth.observer02,top5-r2-D02-035,persona_extension,The Anemoia Device,observer,r2.conservator,보존과 재시연을 계획하는 관찰자,tradeoff,original_or_recreated
synth.owner02,사진 이야기는 읽고 싶지만 향을 맡을 의사는 없다. 두 활동을 끝까지 분리할 수 없다면 이 장치는 체험하지 않겠다.,ai,4,synth.observer03,top5-r2-D02-036,persona_extension,The Anemoia Device,observer,r2.boundary_visitor,감각 노출과 신체 참여 범위를 직접 정하는 방문객,position,scent_boundary
synth.owner02,다른 관객이 사용하는 동안에도 대기 공간에서 향을 맡게 되는가? 내 차례의 출력만 거절할 수 있어서는 참여 범위를 정하기 어렵다.,ai,1,synth.observer03,top5-r2-D02-037,persona_extension,The Anemoia Device,observer,r2.boundary_visitor,감각 노출과 신체 참여 범위를 직접 정하는 방문객,question,ambient_exposure
synth.owner02,혼합 용기를 받은 뒤 내가 열기 전에는 향이 크게 퍼지지 않는 구성을 선호한다. 결과를 확인하는 장소와 시점을 직접 고르고 싶다.,ai,3,synth.observer03,top5-r2-D02-038,persona_extension,The Anemoia Device,observer,r2.boundary_visitor,감각 노출과 신체 참여 범위를 직접 정하는 방문객,proposal,closed_result
synth.owner02,개인적인 감정을 고르지 않고 사진의 색이나 사물만으로 표현할 수 있다면 참여하겠다.,ai,4,synth.observer03,top5-r2-D02-039,persona_extension,The Anemoia Device,observer,r2.boundary_visitor,감각 노출과 신체 참여 범위를 직접 정하는 방문객,position,emotional_labels
synth.owner02,향을 맡지 않았다는 이유로 이야기의 결말을 볼 수 없게 하지는 않았으면 한다. 실제 냄새 경험과 과정에 대한 접근은 별개의 참여 방식이다.,ai,2,synth.observer03,top5-r2-D02-040,persona_extension,The Anemoia Device,observer,r2.boundary_visitor,감각 노출과 신체 참여 범위를 직접 정하는 방문객,tradeoff,access_to_process
synth.owner02,가족사진 속 인물에게 없던 말을 기계가 붙인다면 결과를 보관하고 싶지 않다. 나에게는 서사의 흥미보다 그 사람을 어떻게 기억할지가 더 중요하다.,ai,4,synth.observer04,top5-r2-D02-041,persona_extension,The Anemoia Device,observer,r2.memory_custodian,가족의 이야기를 다룬다고 가정한 관찰자,position,family_boundary
synth.owner02,사진을 보여주기 전에 그날을 기억하는 사람이 짧은 설명을 남기게 하겠다. 향은 그 설명을 표현한 선물이 될 수 있지만 설명을 대신하지는 않았으면 한다.,ai,2,synth.observer04,top5-r2-D02-042,persona_extension,The Anemoia Device,observer,r2.memory_custodian,가족의 이야기를 다룬다고 가정한 관찰자,proposal,living_annotation
synth.owner02,한 사람에게는 즐거운 날이고 다른 사람에게는 불편한 날인 사진이라면 감정 다이얼을 누가 고르는가?,ai,1,synth.observer04,top5-r2-D02-043,persona_extension,The Anemoia Device,observer,r2.memory_custodian,가족의 이야기를 다룬다고 가정한 관찰자,question,conflicting_emotions
synth.owner02,특별한 과거를 복원하기보다 오늘 함께 사진을 고르고 향을 만드는 일을 새 기억으로 삼을 수는 있겠다. 그 편이 결과의 낯섦도 받아들이기 쉽다.,ai,2,synth.observer04,top5-r2-D02-044,persona_extension,The Anemoia Device,observer,r2.memory_custodian,가족의 이야기를 다룬다고 가정한 관찰자,interpretation,new_family_ritual
synth.owner02,만든 향을 선물하는 것은 좋지만 원본 사진과 생성 이야기를 모두 공개할 필요는 없다. 받는 사람에게 어디까지 설명할지도 선택하고 싶다.,ai,4,synth.observer04,top5-r2-D02-045,persona_extension,The Anemoia Device,observer,r2.memory_custodian,가족의 이야기를 다룬다고 가정한 관찰자,tradeoff,gift_and_disclosure
synth.owner02,향 배합 수업에 쓰려면 모델의 결과를 그대로 정답으로 제시하지 않겠다. 학생이 자신의 배합 이유와 기계의 이유를 비교하는 보조 자료로는 활용할 수 있다.,ai,3,synth.observer05,top5-r2-D02-046,persona_extension,The Anemoia Device,observer,r2.practice_trainer,실제 수행과 반복 수업을 중시하는 지도자 역할의 관찰자,position,training_fit
synth.owner02,생성 비율을 받아 펌프만 작동시키면 재료를 다루는 능력은 어디에서 배우는가? 손으로 배합을 결정하는 단계가 남아 있어야 한다.,ai,2,synth.observer05,top5-r2-D02-047,persona_extension,The Anemoia Device,observer,r2.practice_trainer,실제 수행과 반복 수업을 중시하는 지도자 역할의 관찰자,question,learning_the_material
synth.owner02,한 조는 사진을 보고 직접 비율을 정하고 다른 조는 생성 비율을 쓰게 하겠다. 최종 향뿐 아니라 선택을 설명하는 방식까지 비교해보고 싶다.,ai,3,synth.observer05,top5-r2-D02-048,persona_extension,The Anemoia Device,observer,r2.practice_trainer,실제 수행과 반복 수업을 중시하는 지도자 역할의 관찰자,proposal,manual_comparison
synth.owner02,정규 수업 도입 여부는 시연의 화려함보다 수업 종료 뒤 정리할 수 있는 시간에 달려 있다. 혼합과 세척을 모두 시간표에 넣어야 한다.,ai,1,synth.observer05,top5-r2-D02-049,persona_extension,The Anemoia Device,observer,r2.practice_trainer,실제 수행과 반복 수업을 중시하는 지도자 역할의 관찰자,priority,clean_up_cost
synth.owner02,처음 배합을 배우는 사람에게 추천 비율은 시도할 출발점이 될 수 있다. 하지만 학기 내내 추천값을 실행하는 데 머무르면 재료를 배웠다고 평가하기 어렵다. 뒤의 과제에서는 학생이 먼저 비율과 이유를 제시하고 필요할 때만 모델의 제안과 비교하게 하겠다. 도움을 줄이는 과정까지 수업으로 설계하고 싶다.,ai,1,synth.observer05,top5-r2-D02-050,persona_extension,The Anemoia Device,observer,r2.practice_trainer,실제 수행과 반복 수업을 중시하는 지도자 역할의 관찰자,tradeoff,assistance_without_dependency
synth.owner03,현장의 실제 냄새를 기록하는 산책에는 준비된 향을 덧붙이지 않겠다.,ai,3,synth.peer01,top5-r2-D03-001,persona_extension,OlfacEnhancer,peer_student,r2.documentarian,기록의 근거를 중시하는 창작 학생,position,botanical_record
synth.owner03,목걸이가 선택한 향과 현장에서 내가 맡은 냄새를 다른 칸에 적겠다. 두 기록의 차이가 이 장치의 작동을 설명하는 자료가 될 수 있다.,ai,1,synth.peer01,top5-r2-D03-002,persona_extension,OlfacEnhancer,peer_student,r2.documentarian,기록의 근거를 중시하는 창작 학생,proposal,separate_fieldnotes
synth.owner03,같은 식물도 꽃이 있는 계절과 없는 계절의 경험이 다른데 하나의 분류와 향으로 충분한가? 종 이름만으로 산책의 차이가 설명되지는 않는다.,ai,1,synth.peer01,top5-r2-D03-003,persona_extension,OlfacEnhancer,peer_student,r2.documentarian,기록의 근거를 중시하는 창작 학생,question,seasonal_difference
synth.owner03,일곱 종 밖의 식물을 만났다는 이유로 덜 중요한 관찰이라고 여기지 않겠다. 장치가 대응하지 못한 대상만 모으는 기록도 만들고 싶다.,ai,3,synth.peer01,top5-r2-D03-004,persona_extension,OlfacEnhancer,peer_student,r2.documentarian,기록의 근거를 중시하는 창작 학생,position,unclassified_value
synth.owner03,이름을 빨리 알게 해주는 것보다 눈앞의 식물을 더 오래 보게 하는 것이 목적이다. 인식 결과가 관찰을 끝내는 신호가 된다면 내 답사에는 맞지 않는다.,ai,3,synth.peer01,top5-r2-D03-005,persona_extension,OlfacEnhancer,peer_student,r2.documentarian,기록의 근거를 중시하는 창작 학생,tradeoff,naming_before_sensing
synth.owner03,일곱 향을 출력하는 능력보다 한 구획을 다시 채우는 수고가 먼저 궁금하다.,ai,4,synth.peer02,top5-r2-D03-006,persona_extension,OlfacEnhancer,peer_student,r2.repair_maker,수리와 재사용을 우선하는 제작 학생,priority,refill_cycle
synth.owner03,목에 닿는 부품과 전자부를 분리해 교체하는 구성을 택하겠다. 착용부가 닳았다고 카메라와 제어부까지 폐기하지 않도록 하고 싶다.,ai,1,synth.peer02,top5-r2-D03-007,persona_extension,OlfacEnhancer,peer_student,r2.repair_maker,수리와 재사용을 우선하는 제작 학생,proposal,replaceable_wear
synth.owner03,솜과 막을 어느 상태에서 교체해야 하는지 사용자가 판단할 수 있을까? 일정 날짜마다 버리는 방식보다 상태를 확인하는 기준이 필요하다.,ai,3,synth.peer02,top5-r2-D03-008,persona_extension,OlfacEnhancer,peer_student,r2.repair_maker,수리와 재사용을 우선하는 제작 학생,question,humidity_maintenance
synth.owner03,자동 인식이 없어도 손으로 향 구획을 선택하는 시제품은 만들겠다. 먼저 방출 기구를 이해하고 카메라를 추가할 이유를 찾는 편이 내 제작 방식과 맞는다.,ai,4,synth.peer02,top5-r2-D03-009,persona_extension,OlfacEnhancer,peer_student,r2.repair_maker,수리와 재사용을 우선하는 제작 학생,position,passive_alternative
synth.owner03,일곱 향을 항상 가득 채우기보다 오늘 걸을 경로에 맞춘 일부만 준비하고 싶다. 빈 구획이 있다는 사실을 숨기지 않으면 재료를 줄여도 체험을 설명할 수 있다.,ai,4,synth.peer02,top5-r2-D03-010,persona_extension,OlfacEnhancer,peer_student,r2.repair_maker,수리와 재사용을 우선하는 제작 학생,tradeoff,material_budget
synth.owner03,식물의 실제 냄새와 달라도 괜찮다. 일부러 익숙하지 않은 향을 만나면 내가 식물을 어떤 이미지로 기억하는지 드러날 것 같다.,ai,3,synth.peer03,top5-r2-D03-011,persona_extension,OlfacEnhancer,peer_student,r2.improviser,우연과 어긋남을 활용하는 공연 창작 학생,position,invented_nature
synth.owner03,향이 바뀔 때마다 멈추거나 방향을 바꾸는 산책 악보를 만들어보고 싶다. 식물을 찾는 장치에서 이동의 리듬을 정하는 장치로 사용하겠다.,ai,4,synth.peer03,top5-r2-D03-012,persona_extension,OlfacEnhancer,peer_student,r2.improviser,우연과 어긋남을 활용하는 공연 창작 학생,proposal,walking_score
synth.owner03,여러 사람이 서로 다른 향 대응표로 같은 길을 걸으면 멈추는 지점도 달라질까? 같은 풍경에서 다른 동선이 생기는 작업에 관심이 있다.,ai,3,synth.peer03,top5-r2-D03-013,persona_extension,OlfacEnhancer,peer_student,r2.improviser,우연과 어긋남을 활용하는 공연 창작 학생,question,shared_choreography
synth.owner03,향이 나오지 않는 구간도 내 산책 공연에는 필요하다.,ai,3,synth.peer03,top5-r2-D03-014,persona_extension,OlfacEnhancer,peer_student,r2.improviser,우연과 어긋남을 활용하는 공연 창작 학생,position,meaning_of_silence
synth.owner03,자동으로 향이 나오는 우연성은 좋지만 너무 잦은 반응은 내 산책의 리듬을 대신 정할 수 있다. 반응 횟수가 적은 구성이 더 흥미로울 수도 있다.,ai,1,synth.peer03,top5-r2-D03-015,persona_extension,OlfacEnhancer,peer_student,r2.improviser,우연과 어긋남을 활용하는 공연 창작 학생,tradeoff,automation_and_attention
synth.owner03,일곱 종류를 모두 다루기 전에 두 식물 사이에서 출력이 바뀌는 상황 하나를 완성하겠다. 작은 범위에서 분류와 기구의 연결을 설명하는 것이 이번 목표다.,ai,2,synth.peer04,top5-r2-D03-016,persona_extension,OlfacEnhancer,peer_student,r2.scoped_prototyper,학기 안에 답할 질문을 좁히는 학생,priority,prototype_question
synth.owner03,참가자가 버튼으로 향을 고르는 버전을 함께 만들고 싶다. 자동 인식이 정말 보행 경험을 바꾸는지 비교 대상이 있어야 한다.,ai,2,synth.peer04,top5-r2-D03-017,persona_extension,OlfacEnhancer,peer_student,r2.scoped_prototyper,학기 안에 답할 질문을 좁히는 학생,proposal,remove_camera_test
synth.owner03,분류 정확도가 좋아져도 산책 경험이 달라지지 않는다면 다음 주에는 무엇을 고칠 것인가? 성능 개선을 계속하는 것만으로 프로젝트 방향이 정해지지는 않는다.,ai,3,synth.peer04,top5-r2-D03-018,persona_extension,OlfacEnhancer,peer_student,r2.scoped_prototyper,학기 안에 답할 질문을 좁히는 학생,question,recognition_or_experience
synth.owner03,네 명의 탐색 결과도 다음 제작 결정을 정하는 데는 쓸 수 있다고 본다. 범위를 좁히는 대신 관찰에서 무엇을 고쳤는지 분명히 보여주겠다.,ai,2,synth.peer04,top5-r2-D03-019,persona_extension,OlfacEnhancer,peer_student,r2.scoped_prototyper,학기 안에 답할 질문을 좁히는 학생,position,small_study_value
synth.owner03,실외 산책을 먼저 하면 변수가 너무 많다. 실내에서 기구의 선택 동작을 확인한 뒤 실제 경로에서 생기는 문제를 따로 다루겠다.,ai,3,synth.peer04,top5-r2-D03-020,persona_extension,OlfacEnhancer,peer_student,r2.scoped_prototyper,학기 안에 답할 질문을 좁히는 학생,tradeoff,naturalistic_vs_controlled
synth.owner03,마을 정원을 관리하는 사람들과 향 대응표를 함께 만들고 싶다. 식물의 의미를 외부 제작자가 먼저 정한 채 주민에게 체험만 권하지 않겠다.,ai,4,synth.peer05,top5-r2-D03-021,persona_extension,OlfacEnhancer,peer_student,r2.community_codesigner,공동 결정에 관심을 두는 학생,proposal,local_stewardship
synth.owner03,주민이 정한 향 대응을 다른 지역 전시에 그대로 가져가도 되는가? 어떤 장소에서 누구와 만든 연결인지 남겨두고 싶다.,ai,4,synth.peer05,top5-r2-D03-022,persona_extension,OlfacEnhancer,peer_student,r2.community_codesigner,공동 결정에 관심을 두는 학생,question,ownership_of_mapping
synth.owner03,개인별 장치를 여러 개 만드는 대신 한 목걸이를 차례로 넘겨 쓰는 산책을 제안한다. 한 사람이 향을 접하면 다른 사람은 설명을 듣고 무엇을 보았을지 추측하게 하겠다. 같은 자극을 동시에 받아야 공동 경험이 된다고 생각하지 않는다. 감각을 말로 전달하다가 서로 다른 해석이 드러나는 순간을 함께 다루고 싶다.,ai,1,synth.peer05,top5-r2-D03-023,persona_extension,OlfacEnhancer,peer_student,r2.community_codesigner,공동 결정에 관심을 두는 학생,position,shared_device
synth.owner03,지원 식물만 찾아가는 경로 대신 참여자가 늘 걷던 길을 먼저 제안하게 하겠다. 장치에 맞추어 동네를 선별하는 순서를 뒤집고 싶다.,ai,1,synth.peer05,top5-r2-D03-024,persona_extension,OlfacEnhancer,peer_student,r2.community_codesigner,공동 결정에 관심을 두는 학생,proposal,participant_routes
synth.owner03,향을 직접 맡지 않는 사람도 식물과 향의 연결을 결정하는 회의에는 참여할 수 있어야 한다. 결과를 감지하는 능력과 설계에 의견을 낼 자격은 다르다.,ai,4,synth.peer05,top5-r2-D03-025,persona_extension,OlfacEnhancer,peer_student,r2.community_codesigner,공동 결정에 관심을 두는 학생,tradeoff,community_access
synth.owner03,출근길에는 식물마다 반응하는 목걸이를 쓰지 않겠다.,ai,3,synth.observer01,top5-r2-D03-026,persona_extension,OlfacEnhancer,observer,r2.hurried_visitor,짧게 들르는 방문객,position,commute_context
synth.owner03,다른 일을 보느라 장치를 잠시 벗었다가 다시 써도 처음부터 준비해야 하는가? 짧게 끊어 참여할 수 있어야 내 일정에 맞는다.,ai,1,synth.observer01,top5-r2-D03-027,persona_extension,OlfacEnhancer,observer,r2.hurried_visitor,짧게 들르는 방문객,question,pause_and_resume
synth.owner03,일곱 향을 모두 체험할 필요는 없다. 오늘 본 식물 하나와 향 하나가 연결되는 순간이면 충분하다.,ai,2,synth.observer01,top5-r2-D03-028,persona_extension,OlfacEnhancer,observer,r2.hurried_visitor,짧게 들르는 방문객,position,few_encounters
synth.owner03,목걸이를 하루 종일 빌리기보다 전시장 밖의 식물 한 곳까지만 다녀오는 체험을 고르겠다. 반납할 장소가 분명하면 부담 없이 시작할 수 있다.,ai,2,synth.observer01,top5-r2-D03-029,persona_extension,OlfacEnhancer,observer,r2.hurried_visitor,짧게 들르는 방문객,proposal,borrow_for_a_stop
synth.owner03,자동이라 손이 비는 것은 좋지만 매번 무엇을 인식했는지 확인해야 한다면 오히려 일이 늘어난다. 확인 없이 걸어도 되는 사용 방식을 원한다.,ai,2,synth.observer01,top5-r2-D03-030,persona_extension,OlfacEnhancer,observer,r2.hurried_visitor,짧게 들르는 방문객,tradeoff,attention_budget
synth.owner03,같은 외형의 목걸이를 남겨도 식물 분류 모델이 달라지면 다른 작품이 될 수 있다. 학습에 사용한 분류 체계도 보존 대상에 포함되는가?,ai,2,synth.observer02,top5-r2-D03-031,persona_extension,OlfacEnhancer,observer,r2.conservator,보존과 재시연을 계획하는 관찰자,question,preserving_training_set
synth.owner03,당시 시연한 식물 사진과 경로 설명을 장치와 함께 보관하겠다. 살아 있는 식물을 언제나 같은 상태로 준비할 수는 없기 때문이다.,ai,3,synth.observer02,top5-r2-D03-032,persona_extension,OlfacEnhancer,observer,r2.conservator,보존과 재시연을 계획하는 관찰자,proposal,reference_route
synth.owner03,향료가 단종되었을 때 이름만 같은 새 향으로 조용히 교체하지 않겠다. 감각적 결과가 달라졌다는 사실을 재시연 기록에 남겨야 한다.,ai,2,synth.observer02,top5-r2-D03-033,persona_extension,OlfacEnhancer,observer,r2.conservator,보존과 재시연을 계획하는 관찰자,position,scent_substitution
synth.owner03,원래 몸에 걸어야 하는 장치를 전시대에 놓고 작동시키면 무엇이 빠지는가? 동작 보존과 착용 경험의 보존을 구별하고 싶다.,ai,1,synth.observer02,top5-r2-D03-034,persona_extension,OlfacEnhancer,observer,r2.conservator,보존과 재시연을 계획하는 관찰자,question,wearable_or_display
synth.owner03,"보존용 시연에서는 식물 사진을 이용해 분류와 통기판의 동작을 다시 보여줄 수 있겠다. 그러나 그것으로 보행의 경험까지 재현했다고 말하지는 않겠다. 몸에 걸린 무게와 길의 순서, 실제 바람 속에서 향을 접한 조건은 별도의 기록으로 남겨야 한다. 무엇을 보존했고 무엇이 빠졌는지 설명하는 것이 중요하다.",ai,3,synth.observer02,top5-r2-D03-035,persona_extension,OlfacEnhancer,observer,r2.conservator,보존과 재시연을 계획하는 관찰자,tradeoff,living_context
synth.owner03,향 없이 같은 길을 걷는 참여 방식이 있다면 함께하고 싶다.,ai,3,synth.observer03,top5-r2-D03-036,persona_extension,OlfacEnhancer,observer,r2.boundary_visitor,감각 노출과 신체 참여 범위를 직접 정하는 방문객,position,unscented_walk
synth.owner03,출력을 멈춰도 옷이나 몸 주변에 향이 남는다면 언제 체험이 끝났다고 볼 수 있을까? 버튼을 끄는 것과 감각에서 벗어나는 일이 같지는 않다.,ai,4,synth.observer03,top5-r2-D03-037,persona_extension,OlfacEnhancer,observer,r2.boundary_visitor,감각 노출과 신체 참여 범위를 직접 정하는 방문객,question,lingering_output
synth.owner03,시작 전에 오늘 사용할 향을 하나씩 확인하고 원치 않는 향 구획을 제외하고 싶다. 중간에 처음 접한 냄새를 견디며 결정하고 싶지는 않다.,ai,2,synth.observer03,top5-r2-D03-038,persona_extension,OlfacEnhancer,observer,r2.boundary_visitor,감각 노출과 신체 참여 범위를 직접 정하는 방문객,proposal,advance_choice
synth.owner03,장치를 벗었다고 자연 관찰에 관심이 없는 사람처럼 보이고 싶지는 않다. 같은 경로를 향 없이 걷는 선택도 정식 체험으로 소개해줬으면 한다.,ai,1,synth.observer03,top5-r2-D03-039,persona_extension,OlfacEnhancer,observer,r2.boundary_visitor,감각 노출과 신체 참여 범위를 직접 정하는 방문객,position,no_public_inference
synth.owner03,혼자 조절하는 장치라도 옆 사람에게 향이 전달될 수 있다. 개인 맞춤이라는 설명만으로 주변의 경험까지 해결되었다고 볼 수는 없다.,ai,4,synth.observer03,top5-r2-D03-040,persona_extension,OlfacEnhancer,observer,r2.boundary_visitor,감각 노출과 신체 참여 범위를 직접 정하는 방문객,tradeoff,ambient_vs_personal
synth.owner03,아이와 함께 쓴다고 가정하면 나중에 그 식물을 볼 때 장치의 향을 떠올릴지도 모르겠다. 실제 식물과 우리가 덧붙인 놀이의 향을 구분해 이야기하고 싶다.,ai,3,synth.observer04,top5-r2-D03-041,persona_extension,OlfacEnhancer,observer,r2.memory_custodian,가족의 이야기를 다룬다고 가정한 관찰자,interpretation,learned_association
synth.owner03,가족이 자주 걷는 길에서 각자 한 식물을 고르고 왜 기억하는지 말하는 활동을 제안한다. 향은 이야기를 시작하는 단서 하나로만 쓰겠다.,ai,4,synth.observer04,top5-r2-D03-042,persona_extension,OlfacEnhancer,observer,r2.memory_custodian,가족의 이야기를 다룬다고 가정한 관찰자,proposal,family_route
synth.owner03,기억 속 정원에 있던 식물이 지원 목록에 없다면 그 이야기는 어디에 놓을 수 있을까? 장치가 모르는 대상을 말할 자리가 있었으면 한다.,ai,1,synth.observer04,top5-r2-D03-043,persona_extension,OlfacEnhancer,observer,r2.memory_custodian,가족의 이야기를 다룬다고 가정한 관찰자,question,absent_plant
synth.owner03,산책 뒤에는 냄새의 정답보다 각자 붙인 별명을 적어두고 싶다. 가족이 만든 말이 나중에 경로를 기억하는 데 더 중요할 수 있다.,ai,2,synth.observer04,top5-r2-D03-044,persona_extension,OlfacEnhancer,observer,r2.memory_custodian,가족의 이야기를 다룬다고 가정한 관찰자,position,keeping_words
synth.owner03,같은 향을 맡았다고 같은 경험을 했다고 말하지 않겠다. 누군가는 정원을 떠올리고 누군가는 아무 기억도 떠오르지 않을 수 있다.,ai,3,synth.observer04,top5-r2-D03-045,persona_extension,OlfacEnhancer,observer,r2.memory_custodian,가족의 이야기를 다룬다고 가정한 관찰자,tradeoff,private_and_shared
synth.owner03,식물 식별 교육에서 향을 정답 힌트로 쓰지는 않겠다. 목걸이를 벗었을 때도 형태를 보고 구분할 수 있어야 하기 때문이다.,ai,3,synth.observer05,top5-r2-D03-046,persona_extension,OlfacEnhancer,observer,r2.practice_trainer,실제 수행과 반복 수업을 중시하는 지도자 역할의 관찰자,position,training_boundary
synth.owner03,"식물 식별 수업에서는 초반에만 향을 함께 제시하는 방식을 검토하겠다. 다음 단계에서는 향이 나오기 전에 잎이나 줄기의 특징을 설명하게 하고, 마지막에는 장치 없이 다른 장소의 식물을 살펴보게 하겠다. 향과 이름의 짝만 외운 것인지 관찰하는 방법을 배운 것인지 구분하고 싶다. 모든 단계에서 자동 출력을 유지할 필요는 없다.",ai,2,synth.observer05,top5-r2-D03-047,persona_extension,OlfacEnhancer,observer,r2.practice_trainer,실제 수행과 반복 수업을 중시하는 지도자 역할의 관찰자,proposal,fading_assistance
synth.owner03,이 장치가 식물을 처음 배우는 사람과 이미 잘 아는 사람에게 같은 역할을 해야 하는가? 두 집단의 활동 목표를 따로 정하는 편이 낫다.,ai,4,synth.observer05,top5-r2-D03-048,persona_extension,OlfacEnhancer,observer,r2.practice_trainer,실제 수행과 반복 수업을 중시하는 지도자 역할의 관찰자,question,appropriate_audience
synth.owner03,교육에 도입한다면 장치보다 걷는 경로와 함께 이동할 인원을 먼저 정하겠다. 착용형이라는 이유만으로 자유 보행에 바로 배치할 수는 없다.,ai,4,synth.observer05,top5-r2-D03-049,persona_extension,OlfacEnhancer,observer,r2.practice_trainer,실제 수행과 반복 수업을 중시하는 지도자 역할의 관찰자,priority,route_supervision
synth.owner03,향이 관찰을 도와주는 경우도 있겠지만 식물의 차이를 직접 말하는 일을 대신해서는 안 된다. 수업 마지막에는 장치 없이 무엇을 보았는지 설명하게 하겠다.,ai,4,synth.observer05,top5-r2-D03-050,persona_extension,OlfacEnhancer,observer,r2.practice_trainer,실제 수행과 반복 수업을 중시하는 지도자 역할의 관찰자,tradeoff,support_or_distraction
synth.owner04,가상 공간의 냄새라고 부르더라도 실제 출력은 팔의 장치에서 시작한다. 공간 기록을 만들 때 그 물리적 출처를 숨기지 않겠다.,ai,1,synth.peer01,top5-r2-D04-001,persona_extension,착용형 후각 인터페이스,peer_student,r2.documentarian,기록의 근거를 중시하는 창작 학생,position,represented_source
synth.owner04,화면 속 냄새의 위치와 착용자가 실제로 향을 받은 상황을 따로 적는 기록을 제안한다. 둘이 일치했다고 미리 가정하고 싶지 않다.,ai,4,synth.peer01,top5-r2-D04-002,persona_extension,착용형 후각 인터페이스,peer_student,r2.documentarian,기록의 근거를 중시하는 창작 학생,proposal,two_descriptions
synth.owner04,확산 계산에 사용한 환경 조건이 바뀌면 어떤 공간을 표현하고 있다고 보아야 할까? 계산의 가정을 경험 설명과 함께 읽고 싶다.,ai,2,synth.peer01,top5-r2-D04-003,persona_extension,착용형 후각 인터페이스,peer_student,r2.documentarian,기록의 근거를 중시하는 창작 학생,question,modelled_environment
synth.owner04,훈련 정답률 기록을 후각 능력의 회복을 입증한 이야기로 바꾸지 않겠다.,ai,3,synth.peer01,top5-r2-D04-004,persona_extension,착용형 후각 인터페이스,peer_student,r2.documentarian,기록의 근거를 중시하는 창작 학생,position,avoiding_inferred_recovery
synth.owner04,같은 공간을 두 번 걸었는데 향의 도달 시점이 다르더라도 하나의 대표 장면으로 정리하고 싶지 않다. 그 차이 자체가 착용형 표현의 조건을 보여줄 수 있다.,ai,1,synth.peer01,top5-r2-D04-005,persona_extension,착용형 후각 인터페이스,peer_student,r2.documentarian,기록의 근거를 중시하는 창작 학생,tradeoff,recording_variability
synth.owner04,한 채널이 고장 나도 나머지 배열을 계속 쓸 수 있어야 한다.,ai,4,synth.peer02,top5-r2-D04-006,persona_extension,착용형 후각 인터페이스,peer_student,r2.repair_maker,수리와 재사용을 우선하는 제작 학생,priority,module_failure
synth.owner04,향 저장부를 교체할 때 유연 회로와 개폐 부품은 계속 사용할 수 있는가? 재료를 어디까지 다시 쓰는지 확인하고 싶다.,ai,4,synth.peer02,top5-r2-D04-007,persona_extension,착용형 후각 인터페이스,peer_student,r2.repair_maker,수리와 재사용을 우선하는 제작 학생,question,reusable_components
synth.owner04,채널 번호와 물리적 위치가 맞물리는 정비 도면을 남기겠다. 눈에 보이는 위치만 기억하며 수리하는 방식은 피하고 싶다.,ai,2,synth.peer02,top5-r2-D04-008,persona_extension,착용형 후각 인터페이스,peer_student,r2.repair_maker,수리와 재사용을 우선하는 제작 학생,proposal,service_map
synth.owner04,내가 다시 만든다면 적은 채널의 수리 가능한 배열부터 시작하겠다. 더 많은 종류를 넣기 전에 한 소자의 반복 사용을 충분히 확인하고 싶다.,ai,2,synth.peer02,top5-r2-D04-009,persona_extension,착용형 후각 인터페이스,peer_student,r2.repair_maker,수리와 재사용을 우선하는 제작 학생,position,small_array_first
synth.owner04,작고 얇은 외관은 착용에 유리하겠지만 부품에 접근하기 어려워지는 대가는 따져보고 싶다. 조금 커지더라도 정비 가능한 연결을 택할 수 있다.,ai,4,synth.peer02,top5-r2-D04-010,persona_extension,착용형 후각 인터페이스,peer_student,r2.repair_maker,수리와 재사용을 우선하는 제작 학생,tradeoff,compactness_vs_access
synth.owner04,향이 있는 가상 장소를 따라가는 대신 향의 변화가 다음 동선을 제안하는 공연을 만들고 싶다. 공간 표현 장치를 움직임의 악보로 바꾸어 쓰겠다.,ai,3,synth.peer03,top5-r2-D04-011,persona_extension,착용형 후각 인터페이스,peer_student,r2.improviser,우연과 어긋남을 활용하는 공연 창작 학생,proposal,olfactory_choreography
synth.owner04,향이 예상한 위치보다 먼저 도착하는 순간을 오류로만 보지 않겠다. 아직 보이지 않는 공간을 기다리게 하는 표현이 될 수 있다.,ai,2,synth.peer03,top5-r2-D04-012,persona_extension,착용형 후각 인터페이스,peer_student,r2.improviser,우연과 어긋남을 활용하는 공연 창작 학생,position,productive_misalignment
synth.owner04,공연자가 이동을 바꾸고 장치가 향을 앞서 내보내면 다음 장면을 누가 이끌고 있다고 느낄까? 관객에게 그 관계를 해석하게 하고 싶다.,ai,1,synth.peer03,top5-r2-D04-013,persona_extension,착용형 후각 인터페이스,peer_student,r2.improviser,우연과 어긋남을 활용하는 공연 창작 학생,question,changing_authorship
synth.owner04,서른두 향의 목록보다 한 향이 사라졌다 돌아오는 시간에 관심이 있다.,ai,3,synth.peer03,top5-r2-D04-014,persona_extension,착용형 후각 인터페이스,peer_student,r2.improviser,우연과 어긋남을 활용하는 공연 창작 학생,position,few_scents
synth.owner04,훈련에서는 명확한 식별이 중요하겠지만 공연에서는 이름을 붙이기 어려운 향의 상태를 남기고 싶다. 두 활용에 같은 성공 기준을 적용하지 않겠다.,ai,4,synth.peer03,top5-r2-D04-015,persona_extension,착용형 후각 인터페이스,peer_student,r2.improviser,우연과 어긋남을 활용하는 공연 창작 학생,tradeoff,precision_and_ambiguity
synth.owner04,이번 학기에는 공간 시연과 훈련 시연 중 하나만 맡겠다. 두 기능을 모두 소개하는 것보다 하나의 입력과 결과를 끝까지 검증하고 싶다.,ai,4,synth.peer04,top5-r2-D04-016,persona_extension,착용형 후각 인터페이스,peer_student,r2.scoped_prototyper,학기 안에 답할 질문을 좁히는 학생,priority,choose_one_pipeline
synth.owner04,식별 훈련을 선택한다면 정답률을 숨기지 않겠다. 참가자가 자신의 과제 수행을 확인할 수 있는 명료한 피드백도 필요하다고 본다.,ai,3,synth.peer04,top5-r2-D04-017,persona_extension,착용형 후각 인터페이스,peer_student,r2.scoped_prototyper,학기 안에 답할 질문을 좁히는 학생,position,value_of_scores
synth.owner04,강화학습을 넣기 전에 일정한 시간으로 반복하는 기준 조건을 구현하겠다. 추천 알고리즘이 필요하다는 주장을 기능의 존재만으로 대신하지 않겠다.,ai,1,synth.peer04,top5-r2-D04-018,persona_extension,착용형 후각 인터페이스,peer_student,r2.scoped_prototyper,학기 안에 답할 질문을 좁히는 학생,proposal,simple_baseline
synth.owner04,같은 정도의 정답률 변화에도 추천 시간이 크게 달라지는가? 짧은 발표에서 보여줄 한 사례가 전체 동작을 대표하는지 알고 싶다.,ai,1,synth.peer04,top5-r2-D04-019,persona_extension,착용형 후각 인터페이스,peer_student,r2.scoped_prototyper,학기 안에 답할 질문을 좁히는 학생,question,recommendation_stability
synth.owner04,추천 시간이 달라져도 다음 수행에 차이가 없다면 개인화의 효과를 주장하지 않겠다. 어떤 입력에서 추천이 바뀌었는지 설명하는 결과로 범위를 줄이겠다.,ai,4,synth.peer04,top5-r2-D04-020,persona_extension,착용형 후각 인터페이스,peer_student,r2.scoped_prototyper,학기 안에 답할 질문을 좁히는 학생,tradeoff,unsuccessful_personalization
synth.owner04,여러 사람이 같은 가상 공간을 걷지만 개인별로 다른 향을 받는다면 무엇을 함께 경험했다고 말할 수 있을까?,ai,1,synth.peer05,top5-r2-D04-021,persona_extension,착용형 후각 인터페이스,peer_student,r2.community_codesigner,공동 결정에 관심을 두는 학생,question,collective_experience
synth.owner04,"훈련 목표를 정답률 향상으로만 정해두지는 않겠다. 향의 이름을 배우려는 사람도 있고 익숙하지 않은 감각을 천천히 접하려는 사람도 있을 것이다. 시작할 때 목표를 직접 고르게 하고, 같은 추천 시간이 두 목표에 모두 적절한지도 따로 질문하겠다. 개인화의 입력에는 사람이 하려는 일도 포함되어야 한다고 본다.",ai,3,synth.peer05,top5-r2-D04-022,persona_extension,착용형 후각 인터페이스,peer_student,r2.community_codesigner,공동 결정에 관심을 두는 학생,proposal,negotiated_training
synth.owner04,추천 시간표를 참여자에게 그대로 배정하는 방식은 원하지 않는다. 서로 바꾸거나 함께 쉬는 일정도 스스로 정할 수 있어야 한다.,ai,4,synth.peer05,top5-r2-D04-023,persona_extension,착용형 후각 인터페이스,peer_student,r2.community_codesigner,공동 결정에 관심을 두는 학생,position,ownership_of_schedule
synth.owner04,개인 점수를 모으기 전에 사람들이 같은 향을 어떻게 부르는지 함께 이야기하는 시간을 두겠다. 공동의 어휘를 만드는 일도 학습으로 다루고 싶다.,ai,4,synth.peer05,top5-r2-D04-024,persona_extension,착용형 후각 인터페이스,peer_student,r2.community_codesigner,공동 결정에 관심을 두는 학생,proposal,shared_vocabulary
synth.owner04,진행 상황을 공개하면 서로 도울 수 있지만 경쟁이 시작될 수도 있다. 개인 기록을 모임에 보여줄지는 각자가 결정하게 하겠다.,ai,1,synth.peer05,top5-r2-D04-025,persona_extension,착용형 후각 인터페이스,peer_student,r2.community_codesigner,공동 결정에 관심을 두는 학생,tradeoff,comparison_pressure
synth.owner04,잠깐 방문한 전시에서 긴 착용 준비를 하지는 않겠다. 준비가 끝난 시연을 먼저 보고 직접 착용할지 고르고 싶다.,ai,3,synth.observer01,top5-r2-D04-026,persona_extension,착용형 후각 인터페이스,observer,r2.hurried_visitor,짧게 들르는 방문객,position,setup_budget
synth.owner04,훈련을 중간에 끝내면 다음 방문에 이어서 할 수 있는가? 한 번에 모두 마칠 시간을 전제로 한 체험은 내 일정에 맞지 않는다.,ai,4,synth.observer01,top5-r2-D04-027,persona_extension,착용형 후각 인터페이스,observer,r2.hurried_visitor,짧게 들르는 방문객,question,partial_session
synth.owner04,많은 향보다 내가 한 번 움직였을 때 어떤 반응이 오는지 알고 싶다. 첫 체험에서는 공간 시연 하나만 선택하겠다.,ai,2,synth.observer01,top5-r2-D04-028,persona_extension,착용형 후각 인터페이스,observer,r2.hurried_visitor,짧게 들르는 방문객,priority,one_clear_event
synth.owner04,오늘은 향 식별 시험을 보지 않고 시연만 구경하겠다.,ai,1,synth.observer01,top5-r2-D04-029,persona_extension,착용형 후각 인터페이스,observer,r2.hurried_visitor,짧게 들르는 방문객,position,no_test_today
synth.owner04,정교한 개인 설정이 필요하다면 예약 체험으로 소개하는 편이 낫다. 지나가다가 바로 할 수 있을 것처럼 보이는 안내는 나와 맞지 않는다.,ai,2,synth.observer01,top5-r2-D04-030,persona_extension,착용형 후각 인터페이스,observer,r2.hurried_visitor,짧게 들르는 방문객,tradeoff,appointment_or_walkin
synth.owner04,"이전 사용자 기록에 따라 추천이 달라진다면 작품의 시작 상태 하나를 고르기 어렵다. 새 사용자의 상태와 반복 사용 뒤의 상태를 각각 보존할 수 있는지 알고 싶다. 실제 개인정보를 계속 보관하는 방식 대신 공개 가능한 예시 기록으로 변화를 재현하되, 그 기록이 보존용 구성이라는 사실은 명시하겠다.",ai,1,synth.observer02,top5-r2-D04-031,persona_extension,착용형 후각 인터페이스,observer,r2.conservator,보존과 재시연을 계획하는 관찰자,question,personalization_archive
synth.owner04,보존용 시연에는 정해진 입력 기록과 추천 결과를 함께 남기겠다. 실제 관객의 개인정보를 계속 보관해야만 재현할 수 있는 방식은 피하고 싶다.,ai,3,synth.observer02,top5-r2-D04-032,persona_extension,착용형 후각 인터페이스,observer,r2.conservator,보존과 재시연을 계획하는 관찰자,proposal,recorded_conditions
synth.owner04,더 작은 향 소자가 나와도 이전 착용 배열을 단순히 구형 부품으로 버리지 않겠다. 몸에 차지하는 면적도 그 버전의 경험을 구성한다.,ai,3,synth.observer02,top5-r2-D04-033,persona_extension,착용형 후각 인터페이스,observer,r2.conservator,보존과 재시연을 계획하는 관찰자,position,hardware_generations
synth.owner04,원래 향료가 바뀌었을 때 가상 공간의 같은 위치에서 다른 향을 내보내도 같은 시연인가? 작품별로 허용되는 대체 범위를 정해야 한다.,ai,1,synth.observer02,top5-r2-D04-034,persona_extension,착용형 후각 인터페이스,observer,r2.conservator,보존과 재시연을 계획하는 관찰자,question,olfactory_reenactment
synth.owner04,일부 채널만 작동하는 원형과 모든 채널이 작동하는 복제품을 함께 전시하는 방식을 고려하겠다. 보존 상태와 작동 재현을 한 장치에 모두 요구하지 않을 수 있다.,ai,2,synth.observer02,top5-r2-D04-035,persona_extension,착용형 후각 인터페이스,observer,r2.conservator,보존과 재시연을 계획하는 관찰자,tradeoff,function_and_form
synth.owner04,감각에 주의를 기울이는 시간을 점수로 평가받고 싶지는 않다.,ai,4,synth.observer03,top5-r2-D04-036,persona_extension,착용형 후각 인터페이스,observer,r2.boundary_visitor,감각 노출과 신체 참여 범위를 직접 정하는 방문객,position,no_scoring
synth.owner04,더 오래 훈련하라는 추천을 받았을 때 이유를 설명하지 않고 거절해도 되는가? 추천을 따르지 않는 선택도 정상적인 사용이어야 한다.,ai,3,synth.observer03,top5-r2-D04-037,persona_extension,착용형 후각 인터페이스,observer,r2.boundary_visitor,감각 노출과 신체 참여 범위를 직접 정하는 방문객,question,recommendation_consent
synth.owner04,장착된 모든 향을 순서대로 접하는 대신 내가 선택한 일부 향으로만 시작하고 싶다. 선택하지 않은 향은 개인화 과정에서도 자동으로 추가하지 않았으면 한다.,ai,4,synth.observer03,top5-r2-D04-038,persona_extension,착용형 후각 인터페이스,observer,r2.boundary_visitor,감각 노출과 신체 참여 범위를 직접 정하는 방문객,proposal,chosen_set
synth.owner04,팔에 무엇을 오래 차는 방식이 부담스럽다면 장치 밖의 화면만 보며 참여하겠다. 착용하지 않는 참여를 미완료 체험으로 표시하지 않았으면 한다.,ai,2,synth.observer03,top5-r2-D04-039,persona_extension,착용형 후각 인터페이스,observer,r2.boundary_visitor,감각 노출과 신체 참여 범위를 직접 정하는 방문객,position,wearing_boundary
synth.owner04,이동을 예측해 향을 먼저 내보내는 기술은 흥미롭지만 내 선택보다 장치가 앞서 반응하는 느낌은 원하지 않는다. 출력 시점을 직접 고르는 방식도 선택하고 싶다.,ai,3,synth.observer03,top5-r2-D04-040,persona_extension,착용형 후각 인터페이스,observer,r2.boundary_visitor,감각 노출과 신체 참여 범위를 직접 정하는 방문객,tradeoff,predictability
synth.owner04,정답은 같은 향 이름이어도 각자가 떠올리는 장소는 다를 수 있다. 가족과 함께 체험한다면 맞혔는지보다 어떤 장면이 떠올랐는지 이야기하고 싶다.,ai,2,synth.observer04,top5-r2-D04-041,persona_extension,착용형 후각 인터페이스,observer,r2.memory_custodian,가족의 이야기를 다룬다고 가정한 관찰자,interpretation,personal_associations
synth.owner04,서로에게 익숙한 향을 하나씩 골라 짧게 소개하는 활동을 제안한다. 개인별 훈련 계획을 경쟁시키는 모임으로 만들고 싶지는 않다.,ai,4,synth.observer04,top5-r2-D04-042,persona_extension,착용형 후각 인터페이스,observer,r2.memory_custodian,가족의 이야기를 다룬다고 가정한 관찰자,proposal,family_session
synth.owner04,나중에 체험을 돌아볼 때 정답률 그래프 말고 우리가 붙인 별명도 남길 수 있는가? 기억하고 싶은 것은 점수 외에도 있다.,ai,2,synth.observer04,top5-r2-D04-043,persona_extension,착용형 후각 인터페이스,observer,r2.memory_custodian,가족의 이야기를 다룬다고 가정한 관찰자,question,remembering_a_session
synth.owner04,가족에게 이 장치를 소개한다면 연구용 감각 체험이라고 말하겠다. 기기를 선물하는 일이 누군가의 능력을 고쳐야 한다는 메시지가 되지 않았으면 한다.,ai,1,synth.observer04,top5-r2-D04-044,persona_extension,착용형 후각 인터페이스,observer,r2.memory_custodian,가족의 이야기를 다룬다고 가정한 관찰자,position,nonmedical_gift
synth.owner04,같이 시작했다고 같은 속도로 훈련을 마칠 필요는 없다. 한 사람이 일찍 끝나도 다른 사람과 이야기를 나눌 수 있는 참여 방식을 원한다.,ai,2,synth.observer04,top5-r2-D04-045,persona_extension,착용형 후각 인터페이스,observer,r2.memory_custodian,가족의 이야기를 다룬다고 가정한 관찰자,tradeoff,different_paces
synth.owner04,훈련 과정에 도입한다면 점수와 추천 시간을 기록하겠다. 다만 같은 제시 순서에 익숙해진 결과와 다른 상황에서도 향을 구분하는 능력은 따로 확인해야 한다. 장치 밖의 과제에서도 수행이 이어지는지 확인하지 못했다면 수업에서 관찰한 범위만 보고하겠다. 개인화라는 이름이 평가를 대신하도록 두지는 않겠다.,ai,4,synth.observer05,top5-r2-D04-046,persona_extension,착용형 후각 인터페이스,observer,r2.practice_trainer,실제 수행과 반복 수업을 중시하는 지도자 역할의 관찰자,position,training_accountability
synth.owner04,장치를 벗은 뒤 다른 표현이나 맥락으로 같은 향을 구분하게 해보고 싶다. 기기의 제시 방식에만 익숙해진 것인지 살펴볼 수 있다.,ai,2,synth.observer05,top5-r2-D04-047,persona_extension,착용형 후각 인터페이스,observer,r2.practice_trainer,실제 수행과 반복 수업을 중시하는 지도자 역할의 관찰자,proposal,transfer_check
synth.owner04,강사가 추천 시간을 조정할 수 있는가? 조정이 가능하다면 누가 왜 바꿨는지 남겨야 훈련 과정을 설명할 수 있다.,ai,3,synth.observer05,top5-r2-D04-048,persona_extension,착용형 후각 인터페이스,observer,r2.practice_trainer,실제 수행과 반복 수업을 중시하는 지도자 역할의 관찰자,question,instructor_override
synth.owner04,한 번의 인상적인 시연보다 다음 주에도 같은 절차를 운영할 수 있는지가 도입 기준이다. 재료 보충과 기록 관리까지 담당할 사람이 필요하다.,ai,1,synth.observer05,top5-r2-D04-049,persona_extension,착용형 후각 인터페이스,observer,r2.practice_trainer,실제 수행과 반복 수업을 중시하는 지도자 역할의 관찰자,priority,sustainable_sessions
synth.owner04,개인별 시간 추천은 강사가 놓친 차이를 검토하는 데 유용할 수 있다. 그러나 추천을 그대로 따랐다는 사실만으로 적절한 지도를 했다고 보지는 않겠다.,ai,3,synth.observer05,top5-r2-D04-050,persona_extension,착용형 후각 인터페이스,observer,r2.practice_trainer,실제 수행과 반복 수업을 중시하는 지도자 역할의 관찰자,tradeoff,recommendation_as_option
synth.owner05,손이 움직이는 영상만으로 사용자가 동작을 배웠다고 소개하지 않겠다. 누가 명령을 만들었고 사용자가 어떤 판단을 했는지 함께 기록해야 한다.,ai,1,synth.peer01,top5-r2-D05-001,persona_extension,Human Operator,peer_student,r2.documentarian,기록의 근거를 중시하는 창작 학생,position,evidence_of_learning
synth.owner05,자료를 남긴다면 사용자의 일인칭 장면과 외부에서 본 동작을 나란히 보여주겠다. 카메라에 보인 작업과 실제 신체 출력 사이의 차이를 편집으로 지우고 싶지 않다.,ai,3,synth.peer01,top5-r2-D05-002,persona_extension,Human Operator,peer_student,r2.documentarian,기록의 근거를 중시하는 창작 학생,proposal,two_view_record
synth.owner05,카메라에 손과 도구가 보인다고 해서 사용자가 그 일을 하고 싶다는 사실까지 알 수 있는가? 목표를 어떻게 정하는지 별도의 입력을 확인하고 싶다.,ai,3,synth.peer01,top5-r2-D05-003,persona_extension,Human Operator,peer_student,r2.documentarian,기록의 근거를 중시하는 창작 학생,question,invisible_intention
synth.owner05,사용자가 멈춘 장면도 이 장치의 과정 기록에 남기겠다.,ai,4,synth.peer01,top5-r2-D05-004,persona_extension,Human Operator,peer_student,r2.documentarian,기록의 근거를 중시하는 창작 학생,position,preserve_hesitation
synth.owner05,짧은 성공 영상은 원리를 소개하기 좋지만 시행착오를 모두 빼면 작동 범위가 넓어 보인다. 소개용 편집과 과정 기록을 함께 제공하겠다.,ai,1,synth.peer01,top5-r2-D05-005,persona_extension,Human Operator,peer_student,r2.documentarian,기록의 근거를 중시하는 창작 학생,tradeoff,edited_success
synth.owner05,회로를 수리했다는 사실만으로 신체에 연결할 준비가 끝났다고 판단하지 않겠다.,ai,3,synth.peer02,top5-r2-D05-006,persona_extension,Human Operator,peer_student,r2.repair_maker,수리와 재사용을 우선하는 제작 학생,position,repair_boundary
synth.owner05,내 제작 과제는 사람 대신 모의 출력 장치에서 명령 전달을 확인하는 범위로 잡겠다. 몸을 움직이는 시연을 해야만 회로의 기여가 드러나는 것은 아니다.,ai,4,synth.peer02,top5-r2-D05-007,persona_extension,Human Operator,peer_student,r2.repair_maker,수리와 재사용을 우선하는 제작 학생,proposal,nonbody_bench
synth.owner05,상용 모듈을 컴퓨터 제어에 연결했을 때 원래 모듈의 동작 조건과 새 회로의 책임 범위는 어디에서 나뉘는가?,ai,2,synth.peer02,top5-r2-D05-008,persona_extension,Human Operator,peer_student,r2.repair_maker,수리와 재사용을 우선하는 제작 학생,question,module_responsibility
synth.owner05,새 동작을 더 만드는 것보다 어떤 부품에서 동작이 멈췄는지 알 수 있는 구성이 먼저다. 원인을 모른 채 다시 연결하는 방식은 택하지 않겠다.,ai,2,synth.peer02,top5-r2-D05-009,persona_extension,Human Operator,peer_student,r2.repair_maker,수리와 재사용을 우선하는 제작 학생,priority,fault_visibility
synth.owner05,수리 문서를 공개하는 것은 지지하지만 공개 자료가 있다는 사실을 누구나 즉시 신체 실험을 해도 된다는 보증으로 표현해서는 안 된다.,ai,1,synth.peer02,top5-r2-D05-010,persona_extension,Human Operator,peer_student,r2.repair_maker,수리와 재사용을 우선하는 제작 학생,tradeoff,openness_and_use
synth.owner05,공연으로 다룬다면 AI를 보조 장치라고만 부르지 않겠다. 사람이 목표를 정하고 시스템이 다음 움직임을 제안하는 관계 자체를 무대의 주제로 삼겠다.,ai,1,synth.peer03,top5-r2-D05-011,persona_extension,Human Operator,peer_student,r2.improviser,우연과 어긋남을 활용하는 공연 창작 학생,interpretation,distributed_performer
synth.owner05,내 공연에서는 진행을 거부하는 몸도 주인공이다.,ai,4,synth.peer03,top5-r2-D05-012,persona_extension,Human Operator,peer_student,r2.improviser,우연과 어긋남을 활용하는 공연 창작 학생,position,aesthetics_of_refusal
synth.owner05,같은 동작을 말로 제안하는 장면과 화면 속 손 모형으로 제안하는 장면을 먼저 공연하겠다. 직접적인 신체 출력이 없는 상태에서도 권한의 차이를 보여줄 수 있다.,ai,2,synth.peer03,top5-r2-D05-013,persona_extension,Human Operator,peer_student,r2.improviser,우연과 어긋남을 활용하는 공연 창작 학생,proposal,contrast_instructions
synth.owner05,"관객은 손의 움직임을 보고 능숙함을 느낄까, 누군가가 조종된다고 느낄까? 움직임의 의미가 하나로 읽히지 않는 점을 탐색하고 싶다.",ai,3,synth.peer03,top5-r2-D05-014,persona_extension,Human Operator,peer_student,r2.improviser,우연과 어긋남을 활용하는 공연 창작 학생,question,audience_reading
synth.owner05,작업 속도는 내 공연의 성공 기준이 아니다. 다만 불편을 오래 견디는 일을 예술적 성취로 삼고 싶지도 않아 중단을 공연의 정상적인 결말로 두겠다.,ai,3,synth.peer03,top5-r2-D05-015,persona_extension,Human Operator,peer_student,r2.improviser,우연과 어긋남을 활용하는 공연 창작 학생,tradeoff,performance_success
synth.owner05,학기 안에 결과를 내야 한다면 장면을 동작 명령으로 바꾸는 부분부터 맡겠다. 신체 출력까지 동시에 완성하겠다는 목표는 잡지 않겠다.,ai,2,synth.peer04,top5-r2-D05-016,persona_extension,Human Operator,peer_student,r2.scoped_prototyper,학기 안에 답할 질문을 좁히는 학생,priority,scope_before_actuation
synth.owner05,작업을 배우는 것이 목적이라면 왜 화면 안내만으로는 부족한가? 직접적인 신체 유도가 더 낫다는 설명 없이 시연의 강렬함만으로 설계를 정하고 싶지는 않다.,ai,2,synth.peer04,top5-r2-D05-017,persona_extension,Human Operator,peer_student,r2.scoped_prototyper,학기 안에 답할 질문을 좁히는 학생,question,necessary_component
synth.owner05,내가 평가할 것은 최종 성공 장면보다 다음 동작을 제안하기 적절한 순간을 구별하는 능력이다. 행동하지 않는 판단도 결과에 포함하겠다.,ai,1,synth.peer04,top5-r2-D05-018,persona_extension,Human Operator,peer_student,r2.scoped_prototyper,학기 안에 답할 질문을 좁히는 학생,proposal,decision_evaluation
synth.owner05,간단한 시각적 안내가 더 이해하기 쉽다는 결과가 나와도 프로젝트가 무의미해지는 것은 아니다. 어떤 조건에서 직접 출력이 불필요한지 알게 된 셈이다.,ai,3,synth.peer04,top5-r2-D05-019,persona_extension,Human Operator,peer_student,r2.scoped_prototyper,학기 안에 답할 질문을 좁히는 학생,position,negative_result
synth.owner05,발표에서 실제 손이 움직이는 장면을 보여달라는 요구가 있어도 검증하지 못한 부분까지 확장하지 않겠다. 내가 확인한 연결 단계만 분명하게 제시하겠다.,ai,3,synth.peer04,top5-r2-D05-020,persona_extension,Human Operator,peer_student,r2.scoped_prototyper,학기 안에 답할 질문을 좁히는 학생,tradeoff,demonstration_pressure
synth.owner05,"함께 일하는 상황에서 작업 목표는 사용자가 정하는가, 감독자가 정하는가? 같은 장치라도 목표를 정하는 사람이 달라지면 참여의 의미가 크게 달라진다.",ai,4,synth.peer05,top5-r2-D05-021,persona_extension,Human Operator,peer_student,r2.community_codesigner,공동 결정에 관심을 두는 학생,question,who_sets_the_task
synth.owner05,"작업 속도를 높이기 위해 착용을 당연하게 요구하는 활용에는 반대한다. 동의서를 받았다는 사실만으로 선택권이 있었다고 보기도 어렵다. 장치를 쓰지 않으면 불이익이 생기는지, 중간에 그만둘 수 있는지, 도움의 정도를 직접 정할 수 있는지 함께 확인하겠다. 사용자의 몸을 효율 개선의 수단으로만 다루고 싶지는 않다.",ai,1,synth.peer05,top5-r2-D05-022,persona_extension,Human Operator,peer_student,r2.community_codesigner,공동 결정에 관심을 두는 학생,position,no_productivity_coercion
synth.owner05,작업자와 함께 어떤 순간에 도움을 받고 싶은지 먼저 그려보겠다. 제작자가 수행 과정을 정한 뒤 사용자의 몸을 맞추는 순서로 진행하지 않겠다.,ai,3,synth.peer05,top5-r2-D05-023,persona_extension,Human Operator,peer_student,r2.community_codesigner,공동 결정에 관심을 두는 학생,proposal,negotiated_roles
synth.owner05,완성한 작업을 사람의 성과로 평가할 때 시스템의 개입은 어떻게 기록하는가? 도움을 받은 사실이 불이익이나 과도한 공로로 연결되지 않았으면 한다.,ai,2,synth.peer05,top5-r2-D05-024,persona_extension,Human Operator,peer_student,r2.community_codesigner,공동 결정에 관심을 두는 학생,question,shared_credit
synth.owner05,결정을 여러 주체가 나눈다는 설명은 흥미롭지만 잘못된 동작의 책임까지 흐려져서는 안 된다. 각 단계에서 누가 개입할 수 있는지 드러내겠다.,ai,4,synth.peer05,top5-r2-D05-025,persona_extension,Human Operator,peer_student,r2.community_codesigner,공동 결정에 관심을 두는 학생,tradeoff,collective_accountability
synth.owner05,짧은 전시 방문에서는 팔에 전극을 붙이기보다 시연을 관찰하겠다.,ai,2,synth.observer01,top5-r2-D05-026,persona_extension,Human Operator,observer,r2.hurried_visitor,짧게 들르는 방문객,position,declining_setup
synth.owner05,참여 여부를 결정하기 전에 준비 과정을 끝까지 볼 수 있는가? 줄에 선 뒤에야 무엇을 해야 하는지 알게 되는 방식은 원하지 않는다.,ai,1,synth.observer01,top5-r2-D05-027,persona_extension,Human Operator,observer,r2.hurried_visitor,짧게 들르는 방문객,question,decision_time
synth.owner05,먼저 장치가 내보낸 동작 명령을 화면으로 보고 질문한 다음 착용 체험을 신청하고 싶다. 구경과 신청이 한 흐름으로 묶이지 않았으면 한다.,ai,3,synth.observer01,top5-r2-D05-028,persona_extension,Human Operator,observer,r2.hurried_visitor,짧게 들르는 방문객,proposal,view_first
synth.owner05,시작한 뒤 생각이 바뀌어도 사유를 길게 설명하지 않고 그만두고 싶다. 기다리는 사람이 있다는 이유로 끝까지 해야 한다는 압박은 부담스럽다.,ai,4,synth.observer01,top5-r2-D05-029,persona_extension,Human Operator,observer,r2.hurried_visitor,짧게 들르는 방문객,position,no_pressure_to_complete
synth.owner05,설명이 길어서 건너뛰게 되는 것도 문제지만 짧은 체험이라는 이유로 내 선택에 필요한 내용이 빠지는 것은 더 곤란하다. 핵심 조건부터 알고 싶다.,ai,4,synth.observer01,top5-r2-D05-030,persona_extension,Human Operator,observer,r2.hurried_visitor,짧게 들르는 방문객,tradeoff,brief_but_complete
synth.owner05,미래에 동일한 EMS 모듈을 구할 수 없으면 이 작품을 어떻게 재시연할 것인가? 외형이 같은 복제품만으로 출력 관계가 보존되었다고 말할 수는 없다.,ai,4,synth.observer02,top5-r2-D05-031,persona_extension,Human Operator,observer,r2.conservator,보존과 재시연을 계획하는 관찰자,question,preserving_actuation
synth.owner05,"신체 착용을 전제로 하지 않는 보존 자료로 카메라 입력, 명령과 회로 상태의 관계를 남기겠다. 전시마다 사람에게 연결해야만 원리를 보여주는 방식은 피하고 싶다.",ai,4,synth.observer02,top5-r2-D05-032,persona_extension,Human Operator,observer,r2.conservator,보존과 재시연을 계획하는 관찰자,proposal,documented_states
synth.owner05,원작이 작동했다는 기록을 근거로 훗날 누구에게나 같은 시연을 다시 요구하지 않겠다. 재시연의 조건은 당시와 별도로 검토해야 한다.,ai,1,synth.observer02,top5-r2-D05-033,persona_extension,Human Operator,observer,r2.conservator,보존과 재시연을 계획하는 관찰자,position,limits_of_reenactment
synth.owner05,비전 언어 모델이 바뀌면 같은 장면에 다른 동작 명령이 나올 수 있다. 어느 변경까지 같은 작품의 유지보수로 인정할지 제작자와 정해두고 싶다.,ai,1,synth.observer02,top5-r2-D05-034,persona_extension,Human Operator,observer,r2.conservator,보존과 재시연을 계획하는 관찰자,question,software_drift
synth.owner05,"영상 기록은 착용자가 느낀 몸의 감각을 그대로 보존하지 못한다. 그렇다고 직접 착용만 진짜 작품 경험으로 남길 수는 없다. 제어 과정의 시연과 당시 참여자의 설명, 신체 연결 없이 볼 수 있는 자료를 함께 관리하겠다. 훗날 어떤 관람 방식을 선택하더라도 그것이 원래 경험의 어느 부분을 전달하는지 알 수 있어야 한다.",ai,3,synth.observer02,top5-r2-D05-035,persona_extension,Human Operator,observer,r2.conservator,보존과 재시연을 계획하는 관찰자,tradeoff,record_and_presence
synth.owner05,몸을 직접 움직이는 체험은 거절하겠지만 이 기술에 관한 토론에는 참여하고 싶다.,ai,1,synth.observer03,top5-r2-D05-036,persona_extension,Human Operator,observer,r2.boundary_visitor,감각 노출과 신체 참여 범위를 직접 정하는 방문객,position,bodily_boundary
synth.owner05,몸이 움직이는 중에도 말하거나 별도의 손동작을 해야만 종료할 수 있는가? 내가 추가 동작을 수행해야 한다는 전제 자체를 확인하고 싶다.,ai,4,synth.observer03,top5-r2-D05-037,persona_extension,Human Operator,observer,r2.boundary_visitor,감각 노출과 신체 참여 범위를 직접 정하는 방문객,question,exit_without_action
synth.owner05,장면을 보고 내가 선택할 다음 동작을 말한 뒤 AI의 제안과 비교하는 참여 방식을 고르겠다. 내 몸을 출력에 연결하지 않아도 판단의 차이를 토론할 수 있다.,ai,1,synth.observer03,top5-r2-D05-038,persona_extension,Human Operator,observer,r2.boundary_visitor,감각 노출과 신체 참여 범위를 직접 정하는 방문객,proposal,participation_without_wearing
synth.owner05,다른 사람의 신체적 조건을 이해하려고 이 장치를 착용하라는 설명에는 동의하지 않는다. 짧은 자극 체험이 그 사람의 일상 전체를 대신할 수는 없다.,ai,1,synth.observer03,top5-r2-D05-039,persona_extension,Human Operator,observer,r2.boundary_visitor,감각 노출과 신체 참여 범위를 직접 정하는 방문객,position,no_forced_empathy
synth.owner05,도움을 받는 선택은 존중하지만 도움을 거절하면 기술을 두려워하는 사람으로 분류되고 싶지는 않다. 참여와 거절 모두 내 몸을 다루는 판단이다.,ai,3,synth.observer03,top5-r2-D05-040,persona_extension,Human Operator,observer,r2.boundary_visitor,감각 노출과 신체 참여 범위를 직접 정하는 방문객,tradeoff,assistance_and_identity
synth.owner05,가족의 일을 돕는 도구로 상상한다면 내가 편해지는 것과 상대가 도움을 원한다는 것은 구분해야겠다. 몸을 움직여주는 일에는 그 차이가 더 크게 드러난다.,ai,1,synth.observer04,top5-r2-D05-041,persona_extension,Human Operator,observer,r2.memory_custodian,가족의 이야기를 다룬다고 가정한 관찰자,interpretation,care_and_agency
synth.owner05,가족이 대신 체험을 신청했더라도 실제 착용자가 원하지 않으면 바로 중단할 수 있는가? 가까운 사람의 동의가 본인의 선택을 대신하지 않았으면 한다.,ai,2,synth.observer04,top5-r2-D05-042,persona_extension,Human Operator,observer,r2.memory_custodian,가족의 이야기를 다룬다고 가정한 관찰자,question,shared_demonstration
synth.owner05,체험 영상을 가족에게 보여줄 때 장치가 도왔다는 사실을 빼고 혼자 해냈다고 말하고 싶지 않다. 동시에 도움을 받았다는 이유로 본인의 선택과 노력을 지우고 싶지도 않다.,ai,4,synth.observer04,top5-r2-D05-043,persona_extension,Human Operator,observer,r2.memory_custodian,가족의 이야기를 다룬다고 가정한 관찰자,position,story_of_success
synth.owner05,체험을 한다면 끝난 뒤 착용자가 먼저 자기 말로 설명하는 시간을 두겠다. 지켜본 사람이 대신 어떤 느낌이었을지 정리하지 않게 하고 싶다.,ai,3,synth.observer04,top5-r2-D05-044,persona_extension,Human Operator,observer,r2.memory_custodian,가족의 이야기를 다룬다고 가정한 관찰자,proposal,account_afterwards
synth.owner05,도움이 빠를수록 좋은 상황도 있겠지만 상대가 천천히 직접 하기를 원하는 경우도 있다. 편의만으로 어느 방식이 더 적절한지 정하지 않겠다.,ai,2,synth.observer04,top5-r2-D05-045,persona_extension,Human Operator,observer,r2.memory_custodian,가족의 이야기를 다룬다고 가정한 관찰자,tradeoff,care_not_control
synth.owner05,직업 훈련이라면 장치가 움직여 완성한 작업을 독립 수행 능력의 증거로 채점하지 않겠다. 도움의 종류와 정도를 평가 기록에 남겨야 한다.,ai,1,synth.observer05,top5-r2-D05-046,persona_extension,Human Operator,observer,r2.practice_trainer,실제 수행과 반복 수업을 중시하는 지도자 역할의 관찰자,position,competence_standard
synth.owner05,도움을 중단한 뒤에도 작업 순서와 이유를 설명하고 수행하는지 확인하겠다. 즉시 성공한 횟수보다 지원을 줄였을 때 남는 것이 중요하다.,ai,4,synth.observer05,top5-r2-D05-047,persona_extension,Human Operator,observer,r2.practice_trainer,실제 수행과 반복 수업을 중시하는 지도자 역할의 관찰자,proposal,retained_skill
synth.owner05,잘못된 동작을 제안했을 때 강사는 어느 시점에 알아차리고 개입할 수 있는가? 결과가 끝난 뒤 기록만 보는 방식으로는 수업을 맡기 어렵다.,ai,1,synth.observer05,top5-r2-D05-048,persona_extension,Human Operator,observer,r2.practice_trainer,실제 수행과 반복 수업을 중시하는 지도자 역할의 관찰자,question,instructor_duty
synth.owner05,처음부터 다양한 도구 사용을 가르치겠다고 하지 않겠다. 무엇을 학습시키려는지 분명한 좁은 과제를 정한 뒤 이 방식의 필요성을 따져보겠다.,ai,2,synth.observer05,top5-r2-D05-049,persona_extension,Human Operator,observer,r2.practice_trainer,실제 수행과 반복 수업을 중시하는 지도자 역할의 관찰자,priority,appropriate_task
synth.owner05,"처음의 망설임을 줄여주는 도움은 학습에 가치가 있을 수 있다. 그러나 지원을 계속 받아야만 작업을 끝낸다면 독립적인 숙련을 가르쳤다고 평가하지 않겠다. 도움을 줄이는 단계와 다른 과제로 옮겨보는 단계를 함께 마련하고, 그 과정에서 무엇이 남는지 확인하겠다. 완성한 결과물의 수만으로 장치의 교육적 효과를 설명하고 싶지는 않다.",ai,4,synth.observer05,top5-r2-D05-050,persona_extension,Human Operator,observer,r2.practice_trainer,실제 수행과 반복 수업을 중시하는 지도자 역할의 관찰자,tradeoff,coaching_or_dependency
